statNm,statId,chgerId,chgerType,addr,addrDetail,location,lat,lng,useTime,busiId,bnm,busiNm,busiCall,stat,statUpdDt,lastTsdt,lastTedt,nowTsdt,powerType,output,method,zcode,zscode,kind,kindDetail,parkingFree,note,limitYn,limitDetail,delYn,delDetail,trafficYn,year,floorNum,floorType,maker,charger_uid,coordinate_missing,coordinate_outlier,district_by_code,district_from_address,district_address_normalized,district_mismatch,is_deleted,is_limited,is_active_record,usable_for_spatial_analysis,district_before_correction,lat_before_correction,lng_before_correction,district_corrected,coordinate_corrected,correction_reason,district_final,coordinate_missing_final,coordinate_outlier_final,usable_for_district_analysis,usable_for_spatial_analysis_final,publicly_accessible,boundary_base_date,district_2024,district_code_2024,geometry_fixed,boundary_match_status
석모도미네랄온천,ME20A282,21,4,인천광역시 강화군 삼산면 매음리 645-27,,,37.6858257,126.3112126,24시간 이용가능,ME,환경부,환경부,1661-9408,2,2026-07-16 09:31:41,2026-07-14 14:52:03,2026-07-14 15:11:19,,,200.0,동시,28,28710,D0,D007,Y,,N,,N,,N,2020,1,F,시그넷,ME20A282_21,False,False,강화군,강화군,강화군,False,False,False,True,True,강화군,37.6858257,126.3112126,False,False,,강화군,False,False,True,True,True,,,,,unmatched
석모도미네랄온천,ME20A282,22,4,인천광역시 강화군 삼산면 매음리 645-27,,,37.6858257,126.3112126,24시간 이용가능,ME,환경부,환경부,1661-9408,2,2026-07-16 09:31:41,2026-07-11 20:54:04,2026-07-11 21:10:15,,,200.0,동시,28,28710,D0,D007,Y,,N,,N,,N,2020,1,F,시그넷,ME20A282_22,False,False,강화군,강화군,강화군,False,False,False,True,True,강화군,37.6858257,126.3112126,False,False,,강화군,False,False,True,True,True,,,,,unmatched
선수항 공영주차장,ME25A241,21,4,인천광역시 강화군 화도면 내리 1838-3,,,37.6385363,126.3849189,24시간 이용가능,ME,기후에너지환경부,환경부,1661-9408,2,2026-07-16 09:33:08,2026-07-15 14:11:41,2026-07-15 14:33:19,,,200.0,동시,28,28710,B0,B001,Y,,N,,N,,N,2025,1,F,중앙제어,ME25A241_21,False,False,강화군,강화군,강화군,False,False,False,True,True,강화군,37.6385363,126.3849189,False,False,,강화군,False,False,True,True,True,,,,,unmatched
선수항 공영주차장,ME25A241,22,4,인천광역시 강화군 화도면 내리 1838-3,,,37.6385363,126.3849189,24시간 이용가능,ME,기후에너지환경부,환경부,1661-9408,2,2026-07-16 09:28:10,2026-07-15 19:35:45,2026-07-15 20:16:09,,,200.0,동시,28,28710,B0,B001,Y,,N,,N,,N,2025,1,F,중앙제어,ME25A241_22,False,False,강화군,강화군,강화군,False,False,False,True,True,강화군,37.6385363,126.3849189,False,False,,강화군,False,False,True,True,True,,,,,unmatched
초지항,ME25A428,1,4,인천광역시 강화군 길상면 초지리 616-6,,,37.6366203,126.5311799,24시간 이용가능,ME,기후에너지환경부,환경부,1661-9408,2,2026-07-16 09:29:32,2026-07-08 15:30:33,2026-07-08 15:45:45,,,100.0,단독,28,28710,B0,B001,Y,,N,,N,,N,2025,1,F,중앙제어,ME25A428_01,False,False,강화군,강화군,강화군,False,False,False,True,True,강화군,37.6366203,126.5311799,False,False,,강화군,False,False,True,True,True,,,,,unmatched
초지항,ME25A428,2,4,인천광역시 강화군 길상면 초지리 616-6,,,37.6366203,126.5311799,24시간 이용가능,ME,기후에너지환경부,환경부,1661-9408,2,2026-07-16 09:29:47,2026-07-15 17:14:21,2026-07-15 17:30:26,,,100.0,단독,28,28710,B0,B001,Y,,N,,N,,N,2025,1,F,중앙제어,ME25A428_02,False,False,강화군,강화군,강화군,False,False,False,True,True,강화군,37.6366203,126.5311799,False,False,,강화군,False,False,True,True,True,,,,,unmatched
초지항,ME25A428,3,4,인천광역시 강화군 길상면 초지리 616-6,,,37.6366203,126.5311799,24시간 이용가능,ME,기후에너지환경부,환경부,1661-9408,2,2026-07-16 09:29:17,2026-07-11 11:10:01,2026-07-11 11:29:50,,,100.0,단독,28,28710,B0,B001,Y,,N,,N,,N,2025,1,F,중앙제어,ME25A428_03,False,False,강화군,강화군,강화군,False,False,False,True,True,강화군,37.6366203,126.5311799,False,False,,강화군,False,False,True,True,True,,,,,unmatched
초지항,ME25A428,4,4,인천광역시 강화군 길상면 초지리 616-6,,,37.6366203,126.5311799,24시간 이용가능,ME,기후에너지환경부,환경부,1661-9408,2,2026-07-16 09:29:24,2026-07-12 12:45:43,2026-07-12 13:25:59,,,100.0,단독,28,28710,B0,B001,Y,,N,,N,,N,2025,1,F,중앙제어,ME25A428_04,False,False,강화군,강화군,강화군,False,False,False,True,True,강화군,37.6366203,126.5311799,False,False,,강화군,False,False,True,True,True,,,,,unmatched
인천산곡북초등학교,CPCP0012,1,2,인천광역시 부평구 산청로 18,,주차장,37.57,126.84,24시간 이용가능,CP,캐스트프로,캐스트프로,070-4855-2090,9,,,,,,7.0,단독,28,28237,A0,A003,Y,,N,,N,,N,2023,1,B,,CPCP0012_01,False,False,부평구,부평구,부평구,False,False,False,True,True,부평구,37.57,126.84,False,False,,부평구,False,False,True,True,True,,,,,unmatched
인천산곡북초등학교,CPCP0012,2,2,인천광역시 부평구 산청로 18,,주차장,37.57,126.84,24시간 이용가능,CP,캐스트프로,캐스트프로,070-4855-2090,9,,,,,,7.0,단독,28,28237,A0,A003,Y,,Y,없음,N,,N,2023,1,B,,CPCP0012_02,False,False,부평구,부평구,부평구,False,False,True,True,True,부평구,37.57,126.84,False,False,,부평구,False,False,True,True,False,,,,,unmatched
인천 수협중앙회,CSSGI042,1,2,인천광역시 제물포구 축항대로 50,주차장,,37.4159,126.6028,24시간 이용가능,CS,한국EV충전서비스센터,SGIT,1600-2213,2,2026-07-13 16:40:11,2026-07-10 09:22:10,2026-07-13 16:40:11,,,7.0,단독,28,28125,I0,I008,Y,,N,.,N,,N,2025,1,F,,CSSGI042_01,False,False,제물포구,제물포구,제물포구,False,False,False,True,True,제물포구,37.4159,126.6028,False,False,,제물포구,False,False,True,True,True,,,,,unmatched
인천 수협중앙회,CSSGI042,2,2,인천광역시 제물포구 축항대로 50,주차장,,37.4159,126.6028,24시간 이용가능,CS,한국EV충전서비스센터,SGIT,1600-2213,3,2026-07-16 08:15:32,2026-07-16 08:15:32,2026-07-15 06:22:52,2026-07-16 08:15:32,,7.0,단독,28,28125,I0,I008,Y,,Y,.,N,,N,2025,1,F,,CSSGI042_02,False,False,제물포구,제물포구,제물포구,False,False,True,True,True,제물포구,37.4159,126.6028,False,False,,제물포구,False,False,True,True,False,,,,,unmatched
인천 달빛초등학교,EP020701,1,4,인천광역시 영종구 두미포로 189,인천 중구 중산동 1914-4,,37.5077292,126.846524,24시간 이용가능,EP,이카플러그,이카플러그,1833-4577,9,2026-01-28 17:33:10,2026-01-28 04:01:32,2026-01-28 04:01:42,,,50.0,단독,28,28155,J0,J001,Y,,N,,N,,N,2026,1,F,이카플러그,EP020701_01,False,False,영종구,영종구,영종구,False,False,False,True,True,영종구,37.5077292,126.846524,False,False,,영종구,False,False,True,True,True,,,,,unmatched
인천부평 부개지구보람아파트3,EV005617,1,2,인천광역시 부평구 길주남로 175,205동 지하1층 05기둥,205동 지하1층 05기둥,37.42480122,126.98381285,24시간 이용가능,EV,에버온,에버온,1661-7766,2,2026-07-15 07:59:03,2026-07-14 19:23:17,2026-07-15 07:56:43,,,7.0,단독,28,28237,H0,H001,Y,외부인 사용불가,N,외부인 사용불가,N,,N,2022,1,B,한국알박,EV005617_01,False,False,부평구,부평구,부평구,False,False,False,True,True,부평구,37.42480122,126.98381285,False,False,,부평구,False,False,True,True,True,,,,,unmatched
인천부평 부개지구보람아파트3,EV005617,2,2,인천광역시 부평구 길주남로 175,205동 지하1층 05기둥,205동 지하1층 05기둥,37.42480122,126.98381285,24시간 이용가능,EV,에버온,에버온,1661-7766,2,2026-07-12 14:14:15,2026-07-12 12:40:23,2026-07-12 14:11:53,,,7.0,단독,28,28237,H0,H001,Y,외부인 사용불가,N,외부인 사용불가,N,,N,2022,1,B,한국알박,EV005617_02,False,False,부평구,부평구,부평구,False,False,False,True,True,부평구,37.42480122,126.98381285,False,False,,부평구,False,False,True,True,True,,,,,unmatched
연희동남아파트,HU320005,1,2,인천광역시 서해구 심곡로132번길 17,연희동남아파트,2동 지상주차장,37.3238096,126.7814433,24시간 이용가능,HU,한솔엠에스,한솔엠에스,1661-5571,2,2026-07-16 07:01:01,2026-03-30 14:47:25,2026-07-15 14:29:31,,,7.0,단독,28,28275,H0,H001,Y,,N,해당사항 없음,N,,Y,2026,1,F,,HU320005_01,False,False,서해구,서해구,서해구,False,False,False,True,True,서해구,37.3238096,126.7814433,False,False,,서해구,False,False,True,True,True,,,,,unmatched
연희동남아파트,HU320005,2,2,인천광역시 서해구 심곡로132번길 17,연희동남아파트,2동 지상주차장,37.3238096,126.7814433,24시간 이용가능,HU,한솔엠에스,한솔엠에스,1661-5571,3,2026-07-15 21:21:00,2026-03-29 02:28:36,2026-07-14 16:22:05,2026-07-15 21:21:00,,7.0,단독,28,28275,H0,H001,Y,,N,해당사항 없음,N,,Y,2026,1,F,,HU320005_02,False,False,서해구,서해구,서해구,False,False,False,True,True,서해구,37.3238096,126.7814433,False,False,,서해구,False,False,True,True,True,,,,,unmatched
연희동남아파트,HU320005,3,2,인천광역시 서해구 심곡로132번길 17,연희동남아파트,2동 지상주차장,37.3238096,126.7814433,24시간 이용가능,HU,한솔엠에스,한솔엠에스,1661-5571,2,2026-07-16 05:01:00,2026-03-30 14:15:40,2026-07-15 13:33:35,,,7.0,단독,28,28275,H0,H001,Y,,N,해당사항 없음,N,,Y,2026,1,F,,HU320005_03,False,False,서해구,서해구,서해구,False,False,False,True,True,서해구,37.3238096,126.7814433,False,False,,서해구,False,False,True,True,True,,,,,unmatched
연희동남아파트,HU320005,4,2,인천광역시 서해구 심곡로132번길 17,연희동남아파트,2동 지상주차장,37.3238096,126.7814433,24시간 이용가능,HU,한솔엠에스,한솔엠에스,1661-5571,3,2026-07-15 22:01:00,2026-03-27 18:35:21,2026-07-13 13:13:15,2026-07-15 22:01:00,,7.0,단독,28,28275,H0,H001,Y,,N,해당사항 없음,N,,Y,2026,1,F,,HU320005_04,False,False,서해구,서해구,서해구,False,False,False,True,True,서해구,37.3238096,126.7814433,False,False,,서해구,False,False,True,True,True,,,,,unmatched
연희동남아파트,HU320005,5,2,인천광역시 서해구 심곡로132번길 17,연희동남아파트,2동 지상주차장,37.3238096,126.7814433,24시간 이용가능,HU,한솔엠에스,한솔엠에스,1661-5571,2,2026-07-16 07:01:01,2026-03-29 16:02:43,2026-07-15 12:24:47,,,7.0,단독,28,28275,H0,H001,Y,,N,해당사항 없음,N,,Y,2026,1,F,,HU320005_05,False,False,서해구,서해구,서해구,False,False,False,True,True,서해구,37.3238096,126.7814433,False,False,,서해구,False,False,True,True,True,,,,,unmatched
인천 백령면사무소,HY001203,1,4,인천광역시 옹진군 백령면 백령로278번길 61-2,인천 백령면사무소,지상주차장,37.9742629,125.718412,24시간 이용가능,HY,현대엔지니어링,현대엔지니어링,1833-8777,2,2026-07-16 07:52:08,2026-07-15 18:39:04,2026-07-15 19:56:55,,,50.0,단독,28,28720,A0,A002,Y,,N,,N,,N,2025,1,F,시그넷,HY001203_01,False,False,옹진군,옹진군,옹진군,False,False,False,True,True,옹진군,37.9742629,125.718412,False,False,,옹진군,False,False,True,True,True,,,,,unmatched
영종주스카이12단지,IM000143,1,2,인천광역시 영종구 신도시남로 92,영종주공스카이빌아파트,1207동,37.4,126.4,24시간 이용가능,IM,아이마켓코리아,아이마켓코리아,02-3708-5678,2,2026-07-16 02:12:26,2026-07-15 21:57:45,2026-07-16 02:13:00,,,7.0,단독,28,28155,H0,H001,Y,,Y,거주자외 출입제한,N,,N,2023,1,F,,IM000143_01,False,False,영종구,영종구,영종구,False,False,True,True,True,영종구,37.4,126.4,False,False,,영종구,False,False,True,True,False,,,,,unmatched
영종주스카이12단지,IM000143,2,2,인천광역시 영종구 신도시남로 92,영종주공스카이빌아파트,1207동,37.4,126.4,24시간 이용가능,IM,아이마켓코리아,아이마켓코리아,02-3708-5678,2,2026-07-15 16:18:27,2026-07-15 07:23:10,2026-07-15 16:17:19,,,7.0,단독,28,28155,H0,H001,Y,,Y,거주자외 출입제한,N,,N,2023,1,F,,IM000143_02,False,False,영종구,영종구,영종구,False,False,True,True,True,영종구,37.4,126.4,False,False,,영종구,False,False,True,True,False,,,,,unmatched
영종주스카이12단지,IM000143,3,2,인천광역시 영종구 신도시남로 92,영종주공스카이빌아파트,1207동,37.4,126.4,24시간 이용가능,IM,아이마켓코리아,아이마켓코리아,02-3708-5678,2,2026-07-12 23:39:52,2026-07-12 20:47:45,2026-07-12 23:37:38,,,7.0,단독,28,28155,H0,H001,Y,,Y,거주자외 출입제한,N,,N,2023,1,F,,IM000143_03,False,False,영종구,영종구,영종구,False,False,True,True,True,영종구,37.4,126.4,False,False,,영종구,False,False,True,True,False,,,,,unmatched
영종주스카이12단지,IM000143,4,2,인천광역시 영종구 신도시남로 92,영종주공스카이빌아파트,1207동,37.4,126.4,24시간 이용가능,IM,아이마켓코리아,아이마켓코리아,02-3708-5678,2,2026-07-10 14:48:46,2026-07-10 14:05:28,2026-07-10 14:48:05,,,7.0,단독,28,28155,H0,H001,Y,,Y,거주자외 출입제한,N,,N,2023,1,F,,IM000143_04,False,False,영종구,영종구,영종구,False,False,True,True,True,영종구,37.4,126.4,False,False,,영종구,False,False,True,True,False,,,,,unmatched
영종주스카이12단지,IM000143,5,2,인천광역시 영종구 신도시남로 92,영종주공스카이빌아파트,1207동,37.4,126.4,24시간 이용가능,IM,아이마켓코리아,아이마켓코리아,02-3708-5678,2,2026-07-04 16:54:43,2026-07-04 12:45:00,2026-07-04 16:54:54,,,7.0,단독,28,28155,H0,H001,Y,,Y,거주자외 출입제한,N,,N,2023,1,F,,IM000143_05,False,False,영종구,영종구,영종구,False,False,True,True,True,영종구,37.4,126.4,False,False,,영종구,False,False,True,True,False,,,,,unmatched
더샵센트럴시티,IM000157,1,2,인천광역시 연수구 송도국제대로 261,송도 더샵 센트럴시티,215동 지하1층,37.3,126.6,24시간 이용가능,IM,아이마켓코리아,아이마켓코리아,02-3708-5678,2,2026-07-16 06:57:27,2026-07-15 22:27:31,2026-07-16 07:01:07,,,7.0,단독,28,28185,H0,H001,Y,,Y,거주자외 출입제한,N,,N,2024,1,B,,IM000157_01,False,False,연수구,연수구,연수구,False,False,True,True,True,연수구,37.3,126.6,False,False,,연수구,False,False,True,True,False,,,,,unmatched
더샵센트럴시티,IM000157,2,2,인천광역시 연수구 송도국제대로 261,송도 더샵 센트럴시티,215동 지하1층,37.3,126.6,24시간 이용가능,IM,아이마켓코리아,아이마켓코리아,02-3708-5678,3,2026-07-16 08:18:27,2026-07-15 17:51:58,2026-07-15 23:50:27,2026-07-16 08:18:27,,7.0,단독,28,28185,H0,H001,Y,,Y,거주자외 출입제한,N,,N,2024,1,B,,IM000157_02,False,False,연수구,연수구,연수구,False,False,True,True,True,연수구,37.3,126.6,False,False,,연수구,False,False,True,True,False,,,,,unmatched
더샵센트럴시티,IM000157,3,2,인천광역시 연수구 송도국제대로 261,송도 더샵 센트럴시티,215동 지하1층,37.3,126.6,24시간 이용가능,IM,아이마켓코리아,아이마켓코리아,02-3708-5678,2,2026-07-15 23:15:36,2026-07-15 20:09:11,2026-07-15 23:13:47,,,7.0,단독,28,28185,H0,H001,Y,,Y,거주자외 출입제한,N,,N,2024,1,B,,IM000157_03,False,False,연수구,연수구,연수구,False,False,True,True,True,연수구,37.3,126.6,False,False,,연수구,False,False,True,True,False,,,,,unmatched
더샵센트럴시티,IM000157,4,2,인천광역시 연수구 송도국제대로 261,송도 더샵 센트럴시티,215동 지하1층,37.3,126.6,24시간 이용가능,IM,아이마켓코리아,아이마켓코리아,02-3708-5678,2,2026-07-15 22:30:27,2026-07-15 21:04:46,2026-07-15 22:28:53,,,7.0,단독,28,28185,H0,H001,Y,,Y,거주자외 출입제한,N,,N,2024,1,B,,IM000157_04,False,False,연수구,연수구,연수구,False,False,True,True,True,연수구,37.3,126.6,False,False,,연수구,False,False,True,True,False,,,,,unmatched
더샵센트럴시티,IM000157,5,2,인천광역시 연수구 송도국제대로 261,송도 더샵 센트럴시티,215동 지하1층,37.3,126.6,24시간 이용가능,IM,아이마켓코리아,아이마켓코리아,02-3708-5678,2,2026-07-16 03:57:43,2026-07-15 21:15:16,2026-07-16 03:56:38,,,7.0,단독,28,28185,H0,H001,Y,,Y,거주자외 출입제한,N,,N,2024,1,B,,IM000157_05,False,False,연수구,연수구,연수구,False,False,True,True,True,연수구,37.3,126.6,False,False,,연수구,False,False,True,True,False,,,,,unmatched
더샵센트럴시티,IM000157,6,2,인천광역시 연수구 송도국제대로 261,송도 더샵 센트럴시티,215동 지하1층,37.3,126.6,24시간 이용가능,IM,아이마켓코리아,아이마켓코리아,02-3708-5678,2,2026-07-16 07:33:27,2026-07-15 22:26:09,2026-07-16 07:32:41,,,7.0,단독,28,28185,H0,H001,Y,,Y,거주자외 출입제한,N,,N,2024,1,B,,IM000157_06,False,False,연수구,연수구,연수구,False,False,True,True,True,연수구,37.3,126.6,False,False,,연수구,False,False,True,True,False,,,,,unmatched
더샵센트럴시티,IM000157,7,2,인천광역시 연수구 송도국제대로 261,송도 더샵 센트럴시티,215동 지하1층,37.3,126.6,24시간 이용가능,IM,아이마켓코리아,아이마켓코리아,02-3708-5678,2,2026-07-16 02:48:44,2026-07-15 17:01:20,2026-07-16 02:47:15,,,7.0,단독,28,28185,H0,H001,Y,,Y,거주자외 출입제한,N,,N,2024,1,B,,IM000157_07,False,False,연수구,연수구,연수구,False,False,True,True,True,연수구,37.3,126.6,False,False,,연수구,False,False,True,True,False,,,,,unmatched
더샵센트럴시티,IM000157,8,2,인천광역시 연수구 송도국제대로 261,송도 더샵 센트럴시티,215동 지하1층,37.3,126.6,24시간 이용가능,IM,아이마켓코리아,아이마켓코리아,02-3708-5678,2,2026-07-16 00:15:44,2026-07-15 18:02:56,2026-07-16 00:18:16,,,7.0,단독,28,28185,H0,H001,Y,,Y,거주자외 출입제한,N,,N,2024,1,B,,IM000157_08,False,False,연수구,연수구,연수구,False,False,True,True,True,연수구,37.3,126.6,False,False,,연수구,False,False,True,True,False,,,,,unmatched
더샵센트럴시티,IM000157,9,2,인천광역시 연수구 송도국제대로 261,송도 더샵 센트럴시티,215동 지하1층,37.3,126.6,24시간 이용가능,IM,아이마켓코리아,아이마켓코리아,02-3708-5678,2,2026-07-16 02:00:46,2026-07-15 21:07:28,2026-07-16 02:02:55,,,7.0,단독,28,28185,H0,H001,Y,,Y,거주자외 출입제한,N,,N,2024,1,B,,IM000157_09,False,False,연수구,연수구,연수구,False,False,True,True,True,연수구,37.3,126.6,False,False,,연수구,False,False,True,True,False,,,,,unmatched
더샵센트럴시티,IM000157,10,2,인천광역시 연수구 송도국제대로 261,송도 더샵 센트럴시티,215동 지하1층,37.3,126.6,24시간 이용가능,IM,아이마켓코리아,아이마켓코리아,02-3708-5678,2,2026-07-16 00:21:27,2026-07-15 22:15:07,2026-07-16 00:20:14,,,7.0,단독,28,28185,H0,H001,Y,,Y,거주자외 출입제한,N,,N,2024,1,B,,IM000157_10,False,False,연수구,연수구,연수구,False,False,True,True,True,연수구,37.3,126.6,False,False,,연수구,False,False,True,True,False,,,,,unmatched
더샵센트럴시티,IM000157,11,2,인천광역시 연수구 송도국제대로 261,송도 더샵 센트럴시티,215동 지하1층,37.3,126.6,24시간 이용가능,IM,아이마켓코리아,아이마켓코리아,02-3708-5678,2,2026-07-14 23:12:36,2026-07-14 22:01:38,2026-07-14 23:11:18,,,7.0,단독,28,28185,H0,H001,Y,,Y,거주자외 출입제한,N,,N,2024,1,B,,IM000157_11,False,False,연수구,연수구,연수구,False,False,True,True,True,연수구,37.3,126.6,False,False,,연수구,False,False,True,True,False,,,,,unmatched
더샵센트럴시티,IM000157,12,2,인천광역시 연수구 송도국제대로 261,송도 더샵 센트럴시티,215동 지하1층,37.3,126.6,24시간 이용가능,IM,아이마켓코리아,아이마켓코리아,02-3708-5678,2,2026-07-16 03:45:27,2026-07-15 20:45:47,2026-07-16 03:45:52,,,7.0,단독,28,28185,H0,H001,Y,,Y,거주자외 출입제한,N,,N,2024,1,B,,IM000157_12,False,False,연수구,연수구,연수구,False,False,True,True,True,연수구,37.3,126.6,False,False,,연수구,False,False,True,True,False,,,,,unmatched
더샵센트럴시티,IM000157,13,2,인천광역시 연수구 송도국제대로 261,송도 더샵 센트럴시티,215동 지하1층,37.3,126.6,24시간 이용가능,IM,아이마켓코리아,아이마켓코리아,02-3708-5678,2,2026-07-16 09:03:51,2026-07-16 07:15:23,2026-07-16 09:03:59,,,7.0,단독,28,28185,H0,H001,Y,,Y,거주자외 출입제한,N,,N,2024,1,B,,IM000157_13,False,False,연수구,연수구,연수구,False,False,True,True,True,연수구,37.3,126.6,False,False,,연수구,False,False,True,True,False,,,,,unmatched
더샵센트럴시티,IM000157,14,2,인천광역시 연수구 송도국제대로 261,송도 더샵 센트럴시티,215동 지하1층,37.3,126.6,24시간 이용가능,IM,아이마켓코리아,아이마켓코리아,02-3708-5678,2,2026-07-16 01:00:46,2026-07-15 16:28:14,2026-07-16 00:55:20,,,7.0,단독,28,28185,H0,H001,Y,,Y,거주자외 출입제한,N,,N,2024,1,B,,IM000157_14,False,False,연수구,연수구,연수구,False,False,True,True,True,연수구,37.3,126.6,False,False,,연수구,False,False,True,True,False,,,,,unmatched
더샵센트럴시티,IM000157,15,2,인천광역시 연수구 송도국제대로 261,송도 더샵 센트럴시티,215동 지하1층,37.3,126.6,24시간 이용가능,IM,아이마켓코리아,아이마켓코리아,02-3708-5678,2,2026-07-15 19:33:28,2026-07-15 18:26:28,2026-07-15 19:32:43,,,7.0,단독,28,28185,H0,H001,Y,,Y,거주자외 출입제한,N,,N,2024,1,B,,IM000157_15,False,False,연수구,연수구,연수구,False,False,True,True,True,연수구,37.3,126.6,False,False,,연수구,False,False,True,True,False,,,,,unmatched
더샵센트럴시티,IM000157,16,2,인천광역시 연수구 송도국제대로 261,송도 더샵 센트럴시티,215동 지하1층,37.3,126.6,24시간 이용가능,IM,아이마켓코리아,아이마켓코리아,02-3708-5678,2,2026-07-16 02:27:27,2026-07-15 19:37:54,2026-07-16 02:27:45,,,7.0,단독,28,28185,H0,H001,Y,,Y,거주자외 출입제한,N,,N,2024,1,B,,IM000157_16,False,False,연수구,연수구,연수구,False,False,True,True,True,연수구,37.3,126.6,False,False,,연수구,False,False,True,True,False,,,,,unmatched
더샵센트럴시티,IM000157,17,2,인천광역시 연수구 송도국제대로 261,송도 더샵 센트럴시티,215동 지하1층,37.3,126.6,24시간 이용가능,IM,아이마켓코리아,아이마켓코리아,02-3708-5678,2,2026-07-16 02:54:44,2026-07-15 21:02:27,2026-07-16 02:53:18,,,7.0,단독,28,28185,H0,H001,Y,,Y,거주자외 출입제한,N,,N,2024,1,B,,IM000157_17,False,False,연수구,연수구,연수구,False,False,True,True,True,연수구,37.3,126.6,False,False,,연수구,False,False,True,True,False,,,,,unmatched
더샵센트럴시티,IM000157,18,2,인천광역시 연수구 송도국제대로 261,송도 더샵 센트럴시티,215동 지하1층,37.3,126.6,24시간 이용가능,IM,아이마켓코리아,아이마켓코리아,02-3708-5678,2,2026-07-15 18:21:45,2026-07-15 16:32:57,2026-07-15 18:19:37,,,7.0,단독,28,28185,H0,H001,Y,,Y,거주자외 출입제한,N,,N,2024,1,B,,IM000157_18,False,False,연수구,연수구,연수구,False,False,True,True,True,연수구,37.3,126.6,False,False,,연수구,False,False,True,True,False,,,,,unmatched
더샵센트럴시티,IM000157,19,2,인천광역시 연수구 송도국제대로 261,송도 더샵 센트럴시티,215동 지하1층,37.3,126.6,24시간 이용가능,IM,아이마켓코리아,아이마켓코리아,02-3708-5678,2,2026-07-15 17:42:49,2026-07-15 14:14:26,2026-07-15 17:40:28,,,7.0,단독,28,28185,H0,H001,Y,,Y,거주자외 출입제한,N,,N,2024,1,B,,IM000157_19,False,False,연수구,연수구,연수구,False,False,True,True,True,연수구,37.3,126.6,False,False,,연수구,False,False,True,True,False,,,,,unmatched
더샵센트럴시티,IM000157,20,2,인천광역시 연수구 송도국제대로 261,송도 더샵 센트럴시티,215동 지하1층,37.3,126.6,24시간 이용가능,IM,아이마켓코리아,아이마켓코리아,02-3708-5678,2,2026-07-15 05:57:27,2026-07-14 23:27:45,2026-07-15 05:56:59,,,7.0,단독,28,28185,H0,H001,Y,,Y,거주자외 출입제한,N,,N,2024,1,B,,IM000157_20,False,False,연수구,연수구,연수구,False,False,True,True,True,연수구,37.3,126.6,False,False,,연수구,False,False,True,True,False,,,,,unmatched
더샵센트럴시티,IM000157,21,2,인천광역시 연수구 송도국제대로 261,송도 더샵 센트럴시티,215동 지하1층,37.3,126.6,24시간 이용가능,IM,아이마켓코리아,아이마켓코리아,02-3708-5678,2,2026-07-16 01:27:27,2026-07-15 21:58:39,2026-07-16 01:28:21,,,7.0,단독,28,28185,H0,H001,Y,,Y,거주자외 출입제한,N,,N,2024,1,B,,IM000157_21,False,False,연수구,연수구,연수구,False,False,True,True,True,연수구,37.3,126.6,False,False,,연수구,False,False,True,True,False,,,,,unmatched
더샵센트럴시티,IM000157,22,2,인천광역시 연수구 송도국제대로 261,송도 더샵 센트럴시티,215동 지하1층,37.3,126.6,24시간 이용가능,IM,아이마켓코리아,아이마켓코리아,02-3708-5678,2,2026-07-15 22:18:45,2026-07-15 19:21:31,2026-07-15 22:16:24,,,7.0,단독,28,28185,H0,H001,Y,,Y,거주자외 출입제한,N,,N,2024,1,B,,IM000157_22,False,False,연수구,연수구,연수구,False,False,True,True,True,연수구,37.3,126.6,False,False,,연수구,False,False,True,True,False,,,,,unmatched
더샵센트럴시티,IM000157,23,2,인천광역시 연수구 송도국제대로 261,송도 더샵 센트럴시티,215동 지하1층,37.3,126.6,24시간 이용가능,IM,아이마켓코리아,아이마켓코리아,02-3708-5678,2,2026-07-15 06:57:27,2026-07-14 23:47:11,2026-07-15 06:56:41,,,7.0,단독,28,28185,H0,H001,Y,,Y,거주자외 출입제한,N,,N,2024,1,B,,IM000157_23,False,False,연수구,연수구,연수구,False,False,True,True,True,연수구,37.3,126.6,False,False,,연수구,False,False,True,True,False,,,,,unmatched
더샵센트럴시티,IM000157,24,2,인천광역시 연수구 송도국제대로 261,송도 더샵 센트럴시티,215동 지하1층,37.3,126.6,24시간 이용가능,IM,아이마켓코리아,아이마켓코리아,02-3708-5678,2,2026-07-16 06:45:27,2026-07-16 00:55:12,2026-07-16 06:43:24,,,7.0,단독,28,28185,H0,H001,Y,,Y,거주자외 출입제한,N,,N,2024,1,B,,IM000157_24,False,False,연수구,연수구,연수구,False,False,True,True,True,연수구,37.3,126.6,False,False,,연수구,False,False,True,True,False,,,,,unmatched
송도더샵그린스퀘어 T16기둥,IM000201,1,2,인천광역시 연수구 송도문화로28번길 81,송도더샵그린스퀘어,지하1층 M11기둥,37.3,126.6,24시간 이용가능,IM,아이마켓코리아,아이마켓코리아,02-3708-5678,2,2026-07-16 04:12:29,2026-07-16 00:12:53,2026-07-16 04:10:49,,,7.0,단독,28,28185,H0,H001,Y,,Y,거주자외 출입제한,N,,N,2024,1,B,,IM000201_01,False,False,연수구,연수구,연수구,False,False,True,True,True,연수구,37.3,126.6,False,False,,연수구,False,False,True,True,False,,,,,unmatched
송도더샵그린스퀘어 T16기둥,IM000201,2,2,인천광역시 연수구 송도문화로28번길 81,송도더샵그린스퀘어,지하1층 M11기둥,37.3,126.6,24시간 이용가능,IM,아이마켓코리아,아이마켓코리아,02-3708-5678,2,2026-07-16 02:21:29,2026-07-15 19:07:47,2026-07-16 02:19:55,,,7.0,단독,28,28185,H0,H001,Y,,Y,거주자외 출입제한,N,,N,2024,1,B,,IM000201_02,False,False,연수구,연수구,연수구,False,False,True,True,True,연수구,37.3,126.6,False,False,,연수구,False,False,True,True,False,,,,,unmatched
송도더샵그린스퀘어 T16기둥,IM000201,3,2,인천광역시 연수구 송도문화로28번길 81,송도더샵그린스퀘어,지하1층 M11기둥,37.3,126.6,24시간 이용가능,IM,아이마켓코리아,아이마켓코리아,02-3708-5678,2,2026-07-14 06:30:29,2026-07-14 01:36:50,2026-07-14 06:32:53,,,7.0,단독,28,28185,H0,H001,Y,,Y,거주자외 출입제한,N,,N,2024,1,B,,IM000201_03,False,False,연수구,연수구,연수구,False,False,True,True,True,연수구,37.3,126.6,False,False,,연수구,False,False,True,True,False,,,,,unmatched
송도더샵그린스퀘어 T16기둥,IM000201,4,2,인천광역시 연수구 송도문화로28번길 81,송도더샵그린스퀘어,지하1층 M11기둥,37.3,126.6,24시간 이용가능,IM,아이마켓코리아,아이마켓코리아,02-3708-5678,2,2026-07-15 23:33:49,2026-07-15 21:23:24,2026-07-15 23:32:51,,,7.0,단독,28,28185,H0,H001,Y,,Y,거주자외 출입제한,N,,N,2024,1,B,,IM000201_04,False,False,연수구,연수구,연수구,False,False,True,True,True,연수구,37.3,126.6,False,False,,연수구,False,False,True,True,False,,,,,unmatched
송도더샵그린스퀘어 T16기둥,IM000202,1,2,인천광역시 연수구 송도문화로28번길 81,송도더샵그린스퀘어,지하1층 K11기둥,37.3,126.6,24시간 이용가능,IM,아이마켓코리아,아이마켓코리아,02-3708-5678,2,2026-07-15 00:48:29,2026-07-14 22:07:58,2026-07-15 00:49:25,,,7.0,단독,28,28185,H0,H001,Y,,Y,거주자외 출입제한,N,,N,2024,1,B,,IM000202_01,False,False,연수구,연수구,연수구,False,False,True,True,True,연수구,37.3,126.6,False,False,,연수구,False,False,True,True,False,,,,,unmatched
송도더샵그린스퀘어 T16기둥,IM000202,2,2,인천광역시 연수구 송도문화로28번길 81,송도더샵그린스퀘어,지하1층 K11기둥,37.3,126.6,24시간 이용가능,IM,아이마켓코리아,아이마켓코리아,02-3708-5678,2,2026-07-13 10:36:30,2026-07-12 23:22:18,2026-07-13 10:35:31,,,7.0,단독,28,28185,H0,H001,Y,,Y,거주자외 출입제한,N,,N,2024,1,B,,IM000202_02,False,False,연수구,연수구,연수구,False,False,True,True,True,연수구,37.3,126.6,False,False,,연수구,False,False,True,True,False,,,,,unmatched
송도더샵그린스퀘어 T16기둥,IM000202,3,2,인천광역시 연수구 송도문화로28번길 81,송도더샵그린스퀘어,지하1층 K11기둥,37.3,126.6,24시간 이용가능,IM,아이마켓코리아,아이마켓코리아,02-3708-5678,2,2026-07-16 05:48:46,2026-07-16 00:50:08,2026-07-16 05:51:12,,,7.0,단독,28,28185,H0,H001,Y,,Y,거주자외 출입제한,N,,N,2024,1,B,,IM000202_03,False,False,연수구,연수구,연수구,False,False,True,True,True,연수구,37.3,126.6,False,False,,연수구,False,False,True,True,False,,,,,unmatched
송도더샵그린스퀘어 T16기둥,IM000202,4,2,인천광역시 연수구 송도문화로28번길 81,송도더샵그린스퀘어,지하1층 K11기둥,37.3,126.6,24시간 이용가능,IM,아이마켓코리아,아이마켓코리아,02-3708-5678,2,2026-07-15 02:48:30,2026-07-14 22:43:43,2026-07-15 02:48:33,,,7.0,단독,28,28185,H0,H001,Y,,Y,거주자외 출입제한,N,,N,2024,1,B,,IM000202_04,False,False,연수구,연수구,연수구,False,False,True,True,True,연수구,37.3,126.6,False,False,,연수구,False,False,True,True,False,,,,,unmatched
송도더샵그린스퀘어 T16기둥,IM000203,1,2,인천광역시 연수구 송도문화로28번길 81,송도더샵그린스퀘어,지하1층 I11기둥,37.3,126.6,24시간 이용가능,IM,아이마켓코리아,아이마켓코리아,02-3708-5678,2,2026-07-14 10:30:47,2026-07-14 05:21:01,2026-07-14 10:31:14,,,7.0,단독,28,28185,H0,H001,Y,,Y,거주자외 출입제한,N,,N,2024,1,B,,IM000203_01,False,False,연수구,연수구,연수구,False,False,True,True,True,연수구,37.3,126.6,False,False,,연수구,False,False,True,True,False,,,,,unmatched
송도더샵그린스퀘어 T16기둥,IM000203,2,2,인천광역시 연수구 송도문화로28번길 81,송도더샵그린스퀘어,지하1층 I11기둥,37.3,126.6,24시간 이용가능,IM,아이마켓코리아,아이마켓코리아,02-3708-5678,2,2026-07-15 05:51:28,2026-07-15 02:05:30,2026-07-15 05:48:30,,,7.0,단독,28,28185,H0,H001,Y,,Y,거주자외 출입제한,N,,N,2024,1,B,,IM000203_02,False,False,연수구,연수구,연수구,False,False,True,True,True,연수구,37.3,126.6,False,False,,연수구,False,False,True,True,False,,,,,unmatched
송도더샵그린스퀘어 T16기둥,IM000203,3,2,인천광역시 연수구 송도문화로28번길 81,송도더샵그린스퀘어,지하1층 I11기둥,37.3,126.6,24시간 이용가능,IM,아이마켓코리아,아이마켓코리아,02-3708-5678,2,2026-07-09 07:39:53,2026-07-08 23:34:02,2026-07-09 07:39:03,,,7.0,단독,28,28185,H0,H001,Y,,Y,거주자외 출입제한,N,,N,2024,1,B,,IM000203_03,False,False,연수구,연수구,연수구,False,False,True,True,True,연수구,37.3,126.6,False,False,,연수구,False,False,True,True,False,,,,,unmatched
송도더샵그린스퀘어 T16기둥,IM000203,4,2,인천광역시 연수구 송도문화로28번길 81,송도더샵그린스퀘어,지하1층 I11기둥,37.3,126.6,24시간 이용가능,IM,아이마켓코리아,아이마켓코리아,02-3708-5678,2,2026-07-16 05:48:45,2026-07-16 00:20:42,2026-07-16 05:49:23,,,7.0,단독,28,28185,H0,H001,Y,,Y,거주자외 출입제한,N,,N,2024,1,B,,IM000203_04,False,False,연수구,연수구,연수구,False,False,True,True,True,연수구,37.3,126.6,False,False,,연수구,False,False,True,True,False,,,,,unmatched
송도더샵그린스퀘어 T16기둥,IM000204,1,2,인천광역시 연수구 송도문화로28번길 81,송도더샵그린스퀘어,지하1층 H11기둥,37.3,126.6,24시간 이용가능,IM,아이마켓코리아,아이마켓코리아,02-3708-5678,2,2026-07-14 08:06:54,2026-07-14 00:22:47,2026-07-14 08:09:06,,,7.0,단독,28,28185,H0,H001,Y,,Y,거주자외 출입제한,N,,N,2024,1,B,,IM000204_01,False,False,연수구,연수구,연수구,False,False,True,True,True,연수구,37.3,126.6,False,False,,연수구,False,False,True,True,False,,,,,unmatched
송도더샵그린스퀘어 T16기둥,IM000204,2,2,인천광역시 연수구 송도문화로28번길 81,송도더샵그린스퀘어,지하1층 H11기둥,37.3,126.6,24시간 이용가능,IM,아이마켓코리아,아이마켓코리아,02-3708-5678,2,2026-07-16 00:15:46,2026-07-15 19:16:16,2026-07-16 00:17:25,,,7.0,단독,28,28185,H0,H001,Y,,Y,거주자외 출입제한,N,,N,2024,1,B,,IM000204_02,False,False,연수구,연수구,연수구,False,False,True,True,True,연수구,37.3,126.6,False,False,,연수구,False,False,True,True,False,,,,,unmatched
송도더샵그린스퀘어 T16기둥,IM000204,3,2,인천광역시 연수구 송도문화로28번길 81,송도더샵그린스퀘어,지하1층 H11기둥,37.3,126.6,24시간 이용가능,IM,아이마켓코리아,아이마켓코리아,02-3708-5678,2,2026-07-14 02:03:48,2026-07-13 17:46:00,2026-07-14 02:04:38,,,7.0,단독,28,28185,H0,H001,Y,,Y,거주자외 출입제한,N,,N,2024,1,B,,IM000204_03,False,False,연수구,연수구,연수구,False,False,True,True,True,연수구,37.3,126.6,False,False,,연수구,False,False,True,True,False,,,,,unmatched
송도더샵그린스퀘어 T15기둥,IM000205,1,2,인천광역시 연수구 송도문화로28번길 81,송도더샵그린스퀘어,지하1층 G16기둥,37.3,126.6,24시간 이용가능,IM,아이마켓코리아,아이마켓코리아,02-3708-5678,2,2026-07-15 00:36:29,2026-07-14 19:13:34,2026-07-15 00:38:43,,,7.0,단독,28,28185,H0,H001,Y,,Y,거주자외 출입제한,N,,N,2024,1,B,,IM000205_01,False,False,연수구,연수구,연수구,False,False,True,True,True,연수구,37.3,126.6,False,False,,연수구,False,False,True,True,False,,,,,unmatched
송도더샵그린스퀘어 T15기둥,IM000205,2,2,인천광역시 연수구 송도문화로28번길 81,송도더샵그린스퀘어,지하1층 G16기둥,37.3,126.6,24시간 이용가능,IM,아이마켓코리아,아이마켓코리아,02-3708-5678,2,2026-07-15 19:39:30,2026-07-15 18:44:12,2026-07-15 19:43:42,,,7.0,단독,28,28185,H0,H001,Y,,Y,거주자외 출입제한,N,,N,2024,1,B,,IM000205_02,False,False,연수구,연수구,연수구,False,False,True,True,True,연수구,37.3,126.6,False,False,,연수구,False,False,True,True,False,,,,,unmatched
송도더샵그린스퀘어 T15기둥,IM000205,3,2,인천광역시 연수구 송도문화로28번길 81,송도더샵그린스퀘어,지하1층 G16기둥,37.3,126.6,24시간 이용가능,IM,아이마켓코리아,아이마켓코리아,02-3708-5678,2,2026-06-22 08:36:51,2026-05-23 09:58:39,2026-05-23 09:58:42,,,7.0,단독,28,28185,H0,H001,Y,,Y,거주자외 출입제한,N,,N,2024,1,B,,IM000205_03,False,False,연수구,연수구,연수구,False,False,True,True,True,연수구,37.3,126.6,False,False,,연수구,False,False,True,True,False,,,,,unmatched
송도더샵그린스퀘어 T15기둥,IM000205,4,2,인천광역시 연수구 송도문화로28번길 81,송도더샵그린스퀘어,지하1층 G16기둥,37.3,126.6,24시간 이용가능,IM,아이마켓코리아,아이마켓코리아,02-3708-5678,2,2026-07-13 02:00:47,2026-07-12 18:38:22,2026-07-13 01:59:41,,,7.0,단독,28,28185,H0,H001,Y,,Y,거주자외 출입제한,N,,N,2024,1,B,,IM000205_04,False,False,연수구,연수구,연수구,False,False,True,True,True,연수구,37.3,126.6,False,False,,연수구,False,False,True,True,False,,,,,unmatched
송도더샵그린스퀘어 T15기둥,IM000205,5,2,인천광역시 연수구 송도문화로28번길 81,송도더샵그린스퀘어,지하1층 G16기둥,37.3,126.6,24시간 이용가능,IM,아이마켓코리아,아이마켓코리아,02-3708-5678,2,2026-06-11 02:18:41,2026-04-13 23:28:45,2026-04-14 07:56:44,,,7.0,단독,28,28185,H0,H001,Y,,Y,거주자외 출입제한,N,,N,2024,1,B,,IM000205_05,False,False,연수구,연수구,연수구,False,False,True,True,True,연수구,37.3,126.6,False,False,,연수구,False,False,True,True,False,,,,,unmatched
송도더샵그린스퀘어 T15기둥,IM000205,6,2,인천광역시 연수구 송도문화로28번길 81,송도더샵그린스퀘어,지하1층 G16기둥,37.3,126.6,24시간 이용가능,IM,아이마켓코리아,아이마켓코리아,02-3708-5678,2,2026-07-16 04:27:47,2026-07-15 16:13:12,2026-07-15 18:58:54,,,7.0,단독,28,28185,H0,H001,Y,,Y,거주자외 출입제한,N,,N,2024,1,B,,IM000205_06,False,False,연수구,연수구,연수구,False,False,True,True,True,연수구,37.3,126.6,False,False,,연수구,False,False,True,True,False,,,,,unmatched
송도더샵그린스퀘어 T12기둥,IM000206,1,2,인천광역시 연수구 송도문화로28번길 81,송도더샵그린스퀘어,지하1층 G19기둥,37.3,126.6,24시간 이용가능,IM,아이마켓코리아,아이마켓코리아,02-3708-5678,2,2026-07-15 20:00:52,2026-07-15 17:33:48,2026-07-15 20:00:36,,,7.0,단독,28,28185,H0,H001,Y,,Y,거주자외 출입제한,N,,N,2024,1,B,,IM000206_01,False,False,연수구,연수구,연수구,False,False,True,True,True,연수구,37.3,126.6,False,False,,연수구,False,False,True,True,False,,,,,unmatched
송도더샵그린스퀘어 T12기둥,IM000206,2,2,인천광역시 연수구 송도문화로28번길 81,송도더샵그린스퀘어,지하1층 G19기둥,37.3,126.6,24시간 이용가능,IM,아이마켓코리아,아이마켓코리아,02-3708-5678,2,2026-07-11 10:30:47,2026-07-11 08:57:19,2026-07-11 10:33:45,,,7.0,단독,28,28185,H0,H001,Y,,Y,거주자외 출입제한,N,,N,2024,1,B,,IM000206_02,False,False,연수구,연수구,연수구,False,False,True,True,True,연수구,37.3,126.6,False,False,,연수구,False,False,True,True,False,,,,,unmatched
송도더샵그린스퀘어 T12기둥,IM000206,3,2,인천광역시 연수구 송도문화로28번길 81,송도더샵그린스퀘어,지하1층 G19기둥,37.3,126.6,24시간 이용가능,IM,아이마켓코리아,아이마켓코리아,02-3708-5678,2,2026-07-13 19:48:29,2026-07-13 17:16:29,2026-07-13 19:44:58,,,7.0,단독,28,28185,H0,H001,Y,,Y,거주자외 출입제한,N,,N,2024,1,B,,IM000206_03,False,False,연수구,연수구,연수구,False,False,True,True,True,연수구,37.3,126.6,False,False,,연수구,False,False,True,True,False,,,,,unmatched
송도더샵그린스퀘어 T12기둥,IM000206,4,2,인천광역시 연수구 송도문화로28번길 81,송도더샵그린스퀘어,지하1층 G19기둥,37.3,126.6,24시간 이용가능,IM,아이마켓코리아,아이마켓코리아,02-3708-5678,2,2026-07-15 20:36:30,2026-07-15 15:47:23,2026-07-15 20:37:54,,,7.0,단독,28,28185,H0,H001,Y,,Y,거주자외 출입제한,N,,N,2024,1,B,,IM000206_04,False,False,연수구,연수구,연수구,False,False,True,True,True,연수구,37.3,126.6,False,False,,연수구,False,False,True,True,False,,,,,unmatched
송도더샵그린스퀘어 T12기둥,IM000206,5,2,인천광역시 연수구 송도문화로28번길 81,송도더샵그린스퀘어,지하1층 G19기둥,37.3,126.6,24시간 이용가능,IM,아이마켓코리아,아이마켓코리아,02-3708-5678,2,2026-07-15 08:00:29,2026-07-15 00:05:30,2026-07-15 08:00:54,,,7.0,단독,28,28185,H0,H001,Y,,Y,거주자외 출입제한,N,,N,2024,1,B,,IM000206_05,False,False,연수구,연수구,연수구,False,False,True,True,True,연수구,37.3,126.6,False,False,,연수구,False,False,True,True,False,,,,,unmatched
송도더샵그린스퀘어 T12기둥,IM000206,6,2,인천광역시 연수구 송도문화로28번길 81,송도더샵그린스퀘어,지하1층 G19기둥,37.3,126.6,24시간 이용가능,IM,아이마켓코리아,아이마켓코리아,02-3708-5678,2,2026-07-16 01:51:46,2026-07-15 20:48:39,2026-07-16 01:54:46,,,7.0,단독,28,28185,H0,H001,Y,,Y,거주자외 출입제한,N,,N,2024,1,B,,IM000206_06,False,False,연수구,연수구,연수구,False,False,True,True,True,연수구,37.3,126.6,False,False,,연수구,False,False,True,True,False,,,,,unmatched
송도더샵그린스퀘어 T15기둥,IM000207,1,2,인천광역시 연수구 송도문화로28번길 81,송도더샵그린스퀘어,지하1층 G22기둥,37.3,126.6,24시간 이용가능,IM,아이마켓코리아,아이마켓코리아,02-3708-5678,2,2026-07-15 19:51:29,2026-07-15 18:13:41,2026-07-15 19:54:45,,,7.0,단독,28,28185,H0,H001,Y,,Y,거주자외 출입제한,N,,N,2024,1,B,,IM000207_01,False,False,연수구,연수구,연수구,False,False,True,True,True,연수구,37.3,126.6,False,False,,연수구,False,False,True,True,False,,,,,unmatched
송도더샵그린스퀘어 T15기둥,IM000207,2,2,인천광역시 연수구 송도문화로28번길 81,송도더샵그린스퀘어,지하1층 G22기둥,37.3,126.6,24시간 이용가능,IM,아이마켓코리아,아이마켓코리아,02-3708-5678,2,2026-06-22 03:11:44,2026-06-21 22:21:25,2026-06-22 03:11:49,,,7.0,단독,28,28185,H0,H001,Y,,Y,거주자외 출입제한,N,,N,2024,1,B,,IM000207_02,False,False,연수구,연수구,연수구,False,False,True,True,True,연수구,37.3,126.6,False,False,,연수구,False,False,True,True,False,,,,,unmatched
송도더샵그린스퀘어 T15기둥,IM000207,3,2,인천광역시 연수구 송도문화로28번길 81,송도더샵그린스퀘어,지하1층 G22기둥,37.3,126.6,24시간 이용가능,IM,아이마켓코리아,아이마켓코리아,02-3708-5678,2,2026-07-15 18:27:47,2026-07-15 17:22:53,2026-07-15 18:31:05,,,7.0,단독,28,28185,H0,H001,Y,,Y,거주자외 출입제한,N,,N,2024,1,B,,IM000207_03,False,False,연수구,연수구,연수구,False,False,True,True,True,연수구,37.3,126.6,False,False,,연수구,False,False,True,True,False,,,,,unmatched
송도더샵그린스퀘어 T12기둥,IM000208,1,2,인천광역시 연수구 송도문화로28번길 81,송도더샵그린스퀘어,지하1층 G23기둥,37.3,126.6,24시간 이용가능,IM,아이마켓코리아,아이마켓코리아,02-3708-5678,2,2026-07-15 23:36:29,2026-07-15 18:43:01,2026-07-15 23:35:01,,,7.0,단독,28,28185,H0,H001,Y,,Y,거주자외 출입제한,N,,N,2024,1,B,,IM000208_01,False,False,연수구,연수구,연수구,False,False,True,True,True,연수구,37.3,126.6,False,False,,연수구,False,False,True,True,False,,,,,unmatched
송도더샵그린스퀘어 T12기둥,IM000208,2,2,인천광역시 연수구 송도문화로28번길 81,송도더샵그린스퀘어,지하1층 G23기둥,37.3,126.6,24시간 이용가능,IM,아이마켓코리아,아이마켓코리아,02-3708-5678,2,2026-07-13 06:33:28,2026-07-12 22:35:44,2026-07-13 06:31:54,,,7.0,단독,28,28185,H0,H001,Y,,Y,거주자외 출입제한,N,,N,2024,1,B,,IM000208_02,False,False,연수구,연수구,연수구,False,False,True,True,True,연수구,37.3,126.6,False,False,,연수구,False,False,True,True,False,,,,,unmatched
송도더샵그린스퀘어 T12기둥,IM000208,3,2,인천광역시 연수구 송도문화로28번길 81,송도더샵그린스퀘어,지하1층 G23기둥,37.3,126.6,24시간 이용가능,IM,아이마켓코리아,아이마켓코리아,02-3708-5678,2,2026-07-15 19:30:50,2026-07-15 18:23:12,2026-07-15 19:32:26,,,7.0,단독,28,28185,H0,H001,Y,,Y,거주자외 출입제한,N,,N,2024,1,B,,IM000208_03,False,False,연수구,연수구,연수구,False,False,True,True,True,연수구,37.3,126.6,False,False,,연수구,False,False,True,True,False,,,,,unmatched
송도더샵그린스퀘어 G16기둥,IM000209,1,2,인천광역시 연수구 송도문화로28번길 81,송도더샵그린스퀘어,지하1층 G25기둥,37.3,126.6,24시간 이용가능,IM,아이마켓코리아,아이마켓코리아,02-3708-5678,2,2026-07-14 00:18:45,2026-07-13 18:52:03,2026-07-14 00:19:49,,,7.0,단독,28,28185,H0,H001,Y,,Y,거주자외 출입제한,N,,N,2024,1,B,,IM000209_01,False,False,연수구,연수구,연수구,False,False,True,True,True,연수구,37.3,126.6,False,False,,연수구,False,False,True,True,False,,,,,unmatched
송도더샵그린스퀘어 G16기둥,IM000209,2,2,인천광역시 연수구 송도문화로28번길 81,송도더샵그린스퀘어,지하1층 G25기둥,37.3,126.6,24시간 이용가능,IM,아이마켓코리아,아이마켓코리아,02-3708-5678,2,2026-07-16 03:18:29,2026-07-15 19:02:31,2026-07-16 03:17:04,,,7.0,단독,28,28185,H0,H001,Y,,Y,거주자외 출입제한,N,,N,2024,1,B,,IM000209_02,False,False,연수구,연수구,연수구,False,False,True,True,True,연수구,37.3,126.6,False,False,,연수구,False,False,True,True,False,,,,,unmatched
송도더샵그린스퀘어 G16기둥,IM000209,3,2,인천광역시 연수구 송도문화로28번길 81,송도더샵그린스퀘어,지하1층 G25기둥,37.3,126.6,24시간 이용가능,IM,아이마켓코리아,아이마켓코리아,02-3708-5678,2,2026-07-15 20:12:52,2026-07-15 15:49:42,2026-07-15 20:10:45,,,7.0,단독,28,28185,H0,H001,Y,,Y,거주자외 출입제한,N,,N,2024,1,B,,IM000209_03,False,False,연수구,연수구,연수구,False,False,True,True,True,연수구,37.3,126.6,False,False,,연수구,False,False,True,True,False,,,,,unmatched
송도더샵그린스퀘어 G16기둥,IM000210,1,2,인천광역시 연수구 송도문화로28번길 81,송도더샵그린스퀘어,지하1층 H25기둥,37.3,126.6,24시간 이용가능,IM,아이마켓코리아,아이마켓코리아,02-3708-5678,2,2026-07-15 22:33:30,2026-07-15 18:35:07,2026-07-15 22:32:37,,,7.0,단독,28,28185,H0,H001,Y,,Y,거주자외 출입제한,N,,N,2024,1,B,,IM000210_01,False,False,연수구,연수구,연수구,False,False,True,True,True,연수구,37.3,126.6,False,False,,연수구,False,False,True,True,False,,,,,unmatched
송도더샵그린스퀘어 G16기둥,IM000210,2,2,인천광역시 연수구 송도문화로28번길 81,송도더샵그린스퀘어,지하1층 H25기둥,37.3,126.6,24시간 이용가능,IM,아이마켓코리아,아이마켓코리아,02-3708-5678,2,2026-07-15 03:03:29,2026-07-14 22:12:27,2026-07-15 03:01:58,,,7.0,단독,28,28185,H0,H001,Y,,Y,거주자외 출입제한,N,,N,2024,1,B,,IM000210_02,False,False,연수구,연수구,연수구,False,False,True,True,True,연수구,37.3,126.6,False,False,,연수구,False,False,True,True,False,,,,,unmatched
송도더샵그린스퀘어 G16기둥,IM000210,3,2,인천광역시 연수구 송도문화로28번길 81,송도더샵그린스퀘어,지하1층 H25기둥,37.3,126.6,24시간 이용가능,IM,아이마켓코리아,아이마켓코리아,02-3708-5678,2,2026-07-15 22:33:30,2026-07-15 18:01:41,2026-07-15 22:32:52,,,7.0,단독,28,28185,H0,H001,Y,,Y,거주자외 출입제한,N,,N,2024,1,B,,IM000210_03,False,False,연수구,연수구,연수구,False,False,True,True,True,연수구,37.3,126.6,False,False,,연수구,False,False,True,True,False,,,,,unmatched
송도더샵그린스퀘어 G16기둥,IM000210,4,2,인천광역시 연수구 송도문화로28번길 81,송도더샵그린스퀘어,지하1층 H25기둥,37.3,126.6,24시간 이용가능,IM,아이마켓코리아,아이마켓코리아,02-3708-5678,2,2026-07-15 20:54:47,2026-07-15 18:05:55,2026-07-15 20:54:02,,,7.0,단독,28,28185,H0,H001,Y,,Y,거주자외 출입제한,N,,N,2024,1,B,,IM000210_04,False,False,연수구,연수구,연수구,False,False,True,True,True,연수구,37.3,126.6,False,False,,연수구,False,False,True,True,False,,,,,unmatched
송도더샵그린스퀘어 G16기둥,IM000210,5,2,인천광역시 연수구 송도문화로28번길 81,송도더샵그린스퀘어,지하1층 H25기둥,37.3,126.6,24시간 이용가능,IM,아이마켓코리아,아이마켓코리아,02-3708-5678,2,2026-07-15 19:09:30,2026-07-15 15:40:55,2026-07-15 19:11:53,,,7.0,단독,28,28185,H0,H001,Y,,Y,거주자외 출입제한,N,,N,2024,1,B,,IM000210_05,False,False,연수구,연수구,연수구,False,False,True,True,True,연수구,37.3,126.6,False,False,,연수구,False,False,True,True,False,,,,,unmatched
송도더샵그린스퀘어 G16기둥,IM000210,6,2,인천광역시 연수구 송도문화로28번길 81,송도더샵그린스퀘어,지하1층 H25기둥,37.3,126.6,24시간 이용가능,IM,아이마켓코리아,아이마켓코리아,02-3708-5678,2,2026-07-15 23:45:46,2026-07-15 21:53:14,2026-07-15 23:43:06,,,7.0,단독,28,28185,H0,H001,Y,,Y,거주자외 출입제한,N,,N,2024,1,B,,IM000210_06,False,False,연수구,연수구,연수구,False,False,True,True,True,연수구,37.3,126.6,False,False,,연수구,False,False,True,True,False,,,,,unmatched
송도더샵그린스퀘어 F24기둥,IM000211,1,2,인천광역시 연수구 송도문화로28번길 81,송도더샵그린스퀘어,지하1층 I25기둥,37.3,126.6,24시간 이용가능,IM,아이마켓코리아,아이마켓코리아,02-3708-5678,2,2026-07-14 00:06:52,2026-07-13 19:44:29,2026-07-14 00:01:10,,,7.0,단독,28,28185,H0,H001,Y,,Y,거주자외 출입제한,N,,N,2024,1,B,,IM000211_01,False,False,연수구,연수구,연수구,False,False,True,True,True,연수구,37.3,126.6,False,False,,연수구,False,False,True,True,False,,,,,unmatched
송도더샵그린스퀘어 F24기둥,IM000211,2,2,인천광역시 연수구 송도문화로28번길 81,송도더샵그린스퀘어,지하1층 I25기둥,37.3,126.6,24시간 이용가능,IM,아이마켓코리아,아이마켓코리아,02-3708-5678,2,2026-07-15 14:39:54,2026-07-15 11:17:42,2026-07-15 14:42:01,,,7.0,단독,28,28185,H0,H001,Y,,Y,거주자외 출입제한,N,,N,2024,1,B,,IM000211_02,False,False,연수구,연수구,연수구,False,False,True,True,True,연수구,37.3,126.6,False,False,,연수구,False,False,True,True,False,,,,,unmatched
송도더샵그린스퀘어 F24기둥,IM000211,3,2,인천광역시 연수구 송도문화로28번길 81,송도더샵그린스퀘어,지하1층 I25기둥,37.3,126.6,24시간 이용가능,IM,아이마켓코리아,아이마켓코리아,02-3708-5678,2,2026-07-16 05:03:29,2026-07-15 18:35:22,2026-07-16 05:05:24,,,7.0,단독,28,28185,H0,H001,Y,,Y,거주자외 출입제한,N,,N,2024,1,B,,IM000211_03,False,False,연수구,연수구,연수구,False,False,True,True,True,연수구,37.3,126.6,False,False,,연수구,False,False,True,True,False,,,,,unmatched
송도더샵그린스퀘어 F24기둥,IM000211,4,2,인천광역시 연수구 송도문화로28번길 81,송도더샵그린스퀘어,지하1층 I25기둥,37.3,126.6,24시간 이용가능,IM,아이마켓코리아,아이마켓코리아,02-3708-5678,2,2026-07-12 14:42:50,2026-07-12 11:47:21,2026-07-12 14:42:45,,,7.0,단독,28,28185,H0,H001,Y,,Y,거주자외 출입제한,N,,N,2024,1,B,,IM000211_04,False,False,연수구,연수구,연수구,False,False,True,True,True,연수구,37.3,126.6,False,False,,연수구,False,False,True,True,False,,,,,unmatched
송도더샵그린스퀘어 F24기둥,IM000211,5,2,인천광역시 연수구 송도문화로28번길 81,송도더샵그린스퀘어,지하1층 I25기둥,37.3,126.6,24시간 이용가능,IM,아이마켓코리아,아이마켓코리아,02-3708-5678,2,2026-07-13 15:54:29,2026-07-13 09:49:33,2026-07-13 15:55:03,,,7.0,단독,28,28185,H0,H001,Y,,Y,거주자외 출입제한,N,,N,2024,1,B,,IM000211_05,False,False,연수구,연수구,연수구,False,False,True,True,True,연수구,37.3,126.6,False,False,,연수구,False,False,True,True,False,,,,,unmatched
송도더샵그린스퀘어 F24기둥,IM000211,6,2,인천광역시 연수구 송도문화로28번길 81,송도더샵그린스퀘어,지하1층 I25기둥,37.3,126.6,24시간 이용가능,IM,아이마켓코리아,아이마켓코리아,02-3708-5678,2,2026-07-15 19:21:47,2026-07-15 17:23:09,2026-07-15 19:22:10,,,7.0,단독,28,28185,H0,H001,Y,,Y,거주자외 출입제한,N,,N,2024,1,B,,IM000211_06,False,False,연수구,연수구,연수구,False,False,True,True,True,연수구,37.3,126.6,False,False,,연수구,False,False,True,True,False,,,,,unmatched
송도더샵그린스퀘어 G25기둥,IM000212,1,2,인천광역시 연수구 송도문화로28번길 81,송도더샵그린스퀘어,지하1층 K25기둥,37.3,126.6,24시간 이용가능,IM,아이마켓코리아,아이마켓코리아,02-3708-5678,2,2026-07-11 21:39:53,2026-07-11 13:58:09,2026-07-11 21:40:08,,,7.0,단독,28,28185,H0,H001,Y,,Y,거주자외 출입제한,N,,N,2024,1,B,,IM000212_01,False,False,연수구,연수구,연수구,False,False,True,True,True,연수구,37.3,126.6,False,False,,연수구,False,False,True,True,False,,,,,unmatched
송도더샵그린스퀘어 G25기둥,IM000212,2,2,인천광역시 연수구 송도문화로28번길 81,송도더샵그린스퀘어,지하1층 K25기둥,37.3,126.6,24시간 이용가능,IM,아이마켓코리아,아이마켓코리아,02-3708-5678,2,2026-07-12 16:03:49,2026-07-12 11:52:37,2026-07-12 16:02:39,,,7.0,단독,28,28185,H0,H001,Y,,Y,거주자외 출입제한,N,,N,2024,1,B,,IM000212_02,False,False,연수구,연수구,연수구,False,False,True,True,True,연수구,37.3,126.6,False,False,,연수구,False,False,True,True,False,,,,,unmatched
송도더샵그린스퀘어 G25기둥,IM000212,3,2,인천광역시 연수구 송도문화로28번길 81,송도더샵그린스퀘어,지하1층 K25기둥,37.3,126.6,24시간 이용가능,IM,아이마켓코리아,아이마켓코리아,02-3708-5678,2,2026-07-12 10:09:53,2026-07-12 01:35:15,2026-07-12 10:11:32,,,7.0,단독,28,28185,H0,H001,Y,,Y,거주자외 출입제한,N,,N,2024,1,B,,IM000212_03,False,False,연수구,연수구,연수구,False,False,True,True,True,연수구,37.3,126.6,False,False,,연수구,False,False,True,True,False,,,,,unmatched
송도더샵그린스퀘어 G25기둥,IM000212,4,2,인천광역시 연수구 송도문화로28번길 81,송도더샵그린스퀘어,지하1층 K25기둥,37.3,126.6,24시간 이용가능,IM,아이마켓코리아,아이마켓코리아,02-3708-5678,2,2026-07-14 23:00:29,2026-07-14 18:44:03,2026-07-14 22:59:17,,,7.0,단독,28,28185,H0,H001,Y,,Y,거주자외 출입제한,N,,N,2024,1,B,,IM000212_04,False,False,연수구,연수구,연수구,False,False,True,True,True,연수구,37.3,126.6,False,False,,연수구,False,False,True,True,False,,,,,unmatched
송도더샵그린스퀘어 G25기둥,IM000212,5,2,인천광역시 연수구 송도문화로28번길 81,송도더샵그린스퀘어,지하1층 K25기둥,37.3,126.6,24시간 이용가능,IM,아이마켓코리아,아이마켓코리아,02-3708-5678,2,2026-07-05 00:51:28,2026-07-04 15:15:57,2026-07-05 00:53:18,,,7.0,단독,28,28185,H0,H001,Y,,Y,거주자외 출입제한,N,,N,2024,1,B,,IM000212_05,False,False,연수구,연수구,연수구,False,False,True,True,True,연수구,37.3,126.6,False,False,,연수구,False,False,True,True,False,,,,,unmatched
송도더샵그린스퀘어 G25기둥,IM000212,6,2,인천광역시 연수구 송도문화로28번길 81,송도더샵그린스퀘어,지하1층 K25기둥,37.3,126.6,24시간 이용가능,IM,아이마켓코리아,아이마켓코리아,02-3708-5678,2,2026-07-12 07:27:28,2026-07-11 17:58:54,2026-07-12 07:22:14,,,7.0,단독,28,28185,H0,H001,Y,,Y,거주자외 출입제한,N,,N,2024,1,B,,IM000212_06,False,False,연수구,연수구,연수구,False,False,True,True,True,연수구,37.3,126.6,False,False,,연수구,False,False,True,True,False,,,,,unmatched
송도더샵그린스퀘어 I25기둥,IM000213,1,2,인천광역시 연수구 송도문화로28번길 81,송도더샵그린스퀘어,지하1층 M25기둥,37.3,126.6,24시간 이용가능,IM,아이마켓코리아,아이마켓코리아,02-3708-5678,2,2026-07-01 21:24:45,2026-07-01 15:55:54,2026-07-01 21:27:36,,,7.0,단독,28,28185,H0,H001,Y,,Y,거주자외 출입제한,N,,N,2024,1,B,,IM000213_01,False,False,연수구,연수구,연수구,False,False,True,True,True,연수구,37.3,126.6,False,False,,연수구,False,False,True,True,False,,,,,unmatched
송도더샵그린스퀘어 I25기둥,IM000213,2,2,인천광역시 연수구 송도문화로28번길 81,송도더샵그린스퀘어,지하1층 M25기둥,37.3,126.6,24시간 이용가능,IM,아이마켓코리아,아이마켓코리아,02-3708-5678,2,2026-06-22 08:09:52,2026-05-25 19:13:13,2026-05-25 19:13:19,,,7.0,단독,28,28185,H0,H001,Y,,Y,거주자외 출입제한,N,,N,2024,1,B,,IM000213_02,False,False,연수구,연수구,연수구,False,False,True,True,True,연수구,37.3,126.6,False,False,,연수구,False,False,True,True,False,,,,,unmatched
송도더샵그린스퀘어 I25기둥,IM000213,3,2,인천광역시 연수구 송도문화로28번길 81,송도더샵그린스퀘어,지하1층 M25기둥,37.3,126.6,24시간 이용가능,IM,아이마켓코리아,아이마켓코리아,02-3708-5678,2,2026-07-13 16:54:29,2026-07-13 14:32:07,2026-07-13 16:57:06,,,7.0,단독,28,28185,H0,H001,Y,,Y,거주자외 출입제한,N,,N,2024,1,B,,IM000213_03,False,False,연수구,연수구,연수구,False,False,True,True,True,연수구,37.3,126.6,False,False,,연수구,False,False,True,True,False,,,,,unmatched
송도더샵그린스퀘어 I25기둥,IM000214,1,2,인천광역시 연수구 송도문화로28번길 81,송도더샵그린스퀘어,지하1층 M23기둥,37.3,126.6,24시간 이용가능,IM,아이마켓코리아,아이마켓코리아,02-3708-5678,2,2026-07-15 06:18:29,2026-07-14 18:52:40,2026-07-15 06:21:13,,,7.0,단독,28,28185,H0,H001,Y,,Y,거주자외 출입제한,N,,N,2024,1,B,,IM000214_01,False,False,연수구,연수구,연수구,False,False,True,True,True,연수구,37.3,126.6,False,False,,연수구,False,False,True,True,False,,,,,unmatched
송도더샵그린스퀘어 I25기둥,IM000214,2,2,인천광역시 연수구 송도문화로28번길 81,송도더샵그린스퀘어,지하1층 M23기둥,37.3,126.6,24시간 이용가능,IM,아이마켓코리아,아이마켓코리아,02-3708-5678,2,2026-07-16 06:33:29,2026-07-15 18:04:17,2026-07-16 06:31:08,,,7.0,단독,28,28185,H0,H001,Y,,Y,거주자외 출입제한,N,,N,2024,1,B,,IM000214_02,False,False,연수구,연수구,연수구,False,False,True,True,True,연수구,37.3,126.6,False,False,,연수구,False,False,True,True,False,,,,,unmatched
송도더샵그린스퀘어 I25기둥,IM000214,3,2,인천광역시 연수구 송도문화로28번길 81,송도더샵그린스퀘어,지하1층 M23기둥,37.3,126.6,24시간 이용가능,IM,아이마켓코리아,아이마켓코리아,02-3708-5678,2,2026-07-15 03:21:47,2026-07-14 21:28:05,2026-07-15 03:22:34,,,7.0,단독,28,28185,H0,H001,Y,,Y,거주자외 출입제한,N,,N,2024,1,B,,IM000214_03,False,False,연수구,연수구,연수구,False,False,True,True,True,연수구,37.3,126.6,False,False,,연수구,False,False,True,True,False,,,,,unmatched
송도더샵그린스퀘어 I25기둥,IM000215,1,2,인천광역시 연수구 송도문화로28번길 81,송도더샵그린스퀘어,지하1층 M23기둥 2거점,37.3,126.6,24시간 이용가능,IM,아이마켓코리아,아이마켓코리아,02-3708-5678,2,2026-07-15 21:27:47,2026-07-15 19:52:07,2026-07-15 21:30:08,,,7.0,단독,28,28185,H0,H001,Y,,Y,거주자외 출입제한,N,,N,2024,1,B,,IM000215_01,False,False,연수구,연수구,연수구,False,False,True,True,True,연수구,37.3,126.6,False,False,,연수구,False,False,True,True,False,,,,,unmatched
송도더샵그린스퀘어 I25기둥,IM000215,2,2,인천광역시 연수구 송도문화로28번길 81,송도더샵그린스퀘어,지하1층 M23기둥 2거점,37.3,126.6,24시간 이용가능,IM,아이마켓코리아,아이마켓코리아,02-3708-5678,2,2026-07-14 03:54:28,2026-07-13 17:28:22,2026-07-14 03:53:41,,,7.0,단독,28,28185,H0,H001,Y,,Y,거주자외 출입제한,N,,N,2024,1,B,,IM000215_02,False,False,연수구,연수구,연수구,False,False,True,True,True,연수구,37.3,126.6,False,False,,연수구,False,False,True,True,False,,,,,unmatched
송도더샵그린스퀘어 I25기둥,IM000215,3,2,인천광역시 연수구 송도문화로28번길 81,송도더샵그린스퀘어,지하1층 M23기둥 2거점,37.3,126.6,24시간 이용가능,IM,아이마켓코리아,아이마켓코리아,02-3708-5678,2,2026-07-13 00:24:45,2026-07-12 20:26:22,2026-07-13 00:23:34,,,7.0,단독,28,28185,H0,H001,Y,,Y,거주자외 출입제한,N,,N,2024,1,B,,IM000215_03,False,False,연수구,연수구,연수구,False,False,True,True,True,연수구,37.3,126.6,False,False,,연수구,False,False,True,True,False,,,,,unmatched
송도더샵그린스퀘어 H16기둥,IM000216,1,2,인천광역시 연수구 송도문화로28번길 81,송도더샵그린스퀘어,커뮤니센터입구 우,37.3,126.6,24시간 이용가능,IM,아이마켓코리아,아이마켓코리아,02-3708-5678,2,2026-07-13 20:09:52,2026-07-13 17:25:26,2026-07-13 20:09:05,,,7.0,단독,28,28185,H0,H001,Y,,Y,거주자외 출입제한,N,,N,2024,1,B,,IM000216_01,False,False,연수구,연수구,연수구,False,False,True,True,True,연수구,37.3,126.6,False,False,,연수구,False,False,True,True,False,,,,,unmatched
송도더샵그린스퀘어 H16기둥,IM000216,2,2,인천광역시 연수구 송도문화로28번길 81,송도더샵그린스퀘어,커뮤니센터입구 우,37.3,126.6,24시간 이용가능,IM,아이마켓코리아,아이마켓코리아,02-3708-5678,2,2026-07-04 05:51:28,2026-06-30 18:46:12,2026-07-01 02:09:48,,,7.0,단독,28,28185,H0,H001,Y,,Y,거주자외 출입제한,N,,N,2024,1,B,,IM000216_02,False,False,연수구,연수구,연수구,False,False,True,True,True,연수구,37.3,126.6,False,False,,연수구,False,False,True,True,False,,,,,unmatched
송도더샵그린스퀘어 H16기둥,IM000216,3,2,인천광역시 연수구 송도문화로28번길 81,송도더샵그린스퀘어,커뮤니센터입구 우,37.3,126.6,24시간 이용가능,IM,아이마켓코리아,아이마켓코리아,02-3708-5678,2,2026-07-12 22:03:49,2026-07-12 13:41:59,2026-07-12 22:04:19,,,7.0,단독,28,28185,H0,H001,Y,,Y,거주자외 출입제한,N,,N,2024,1,B,,IM000216_03,False,False,연수구,연수구,연수구,False,False,True,True,True,연수구,37.3,126.6,False,False,,연수구,False,False,True,True,False,,,,,unmatched
송도더샵그린스퀘어 H16기둥,IM000217,1,2,인천광역시 연수구 송도문화로28번길 81,송도더샵그린스퀘어,커뮤니센터입구 좌,37.3,126.6,24시간 이용가능,IM,아이마켓코리아,아이마켓코리아,02-3708-5678,2,2026-07-12 00:30:51,2026-07-11 19:16:04,2026-07-12 00:29:14,,,7.0,단독,28,28185,H0,H001,Y,,Y,거주자외 출입제한,N,,N,2024,1,B,,IM000217_01,False,False,연수구,연수구,연수구,False,False,True,True,True,연수구,37.3,126.6,False,False,,연수구,False,False,True,True,False,,,,,unmatched
송도더샵그린스퀘어 H16기둥,IM000217,2,2,인천광역시 연수구 송도문화로28번길 81,송도더샵그린스퀘어,커뮤니센터입구 좌,37.3,126.6,24시간 이용가능,IM,아이마켓코리아,아이마켓코리아,02-3708-5678,2,2026-07-15 23:33:49,2026-07-15 17:48:26,2026-07-15 23:30:40,,,7.0,단독,28,28185,H0,H001,Y,,Y,거주자외 출입제한,N,,N,2024,1,B,,IM000217_02,False,False,연수구,연수구,연수구,False,False,True,True,True,연수구,37.3,126.6,False,False,,연수구,False,False,True,True,False,,,,,unmatched
송도더샵그린스퀘어 H16기둥,IM000217,3,2,인천광역시 연수구 송도문화로28번길 81,송도더샵그린스퀘어,커뮤니센터입구 좌,37.3,126.6,24시간 이용가능,IM,아이마켓코리아,아이마켓코리아,02-3708-5678,2,2026-07-16 01:30:29,2026-07-15 20:06:31,2026-07-16 01:29:42,,,7.0,단독,28,28185,H0,H001,Y,,Y,거주자외 출입제한,N,,N,2024,1,B,,IM000217_03,False,False,연수구,연수구,연수구,False,False,True,True,True,연수구,37.3,126.6,False,False,,연수구,False,False,True,True,False,,,,,unmatched
송도더샵그린스퀘어 H16기둥,IM000217,4,2,인천광역시 연수구 송도문화로28번길 81,송도더샵그린스퀘어,커뮤니센터입구 좌,37.3,126.6,24시간 이용가능,IM,아이마켓코리아,아이마켓코리아,02-3708-5678,1,2026-07-02 11:21:29,2026-07-01 19:26:33,2026-07-02 02:23:47,,,7.0,단독,28,28185,H0,H001,Y,,Y,거주자외 출입제한,N,,N,2024,1,B,,IM000217_04,False,False,연수구,연수구,연수구,False,False,True,True,True,연수구,37.3,126.6,False,False,,연수구,False,False,True,True,False,,,,,unmatched
송도더샵그린스퀘어 F24기둥,IM000218,1,2,인천광역시 연수구 송도문화로28번길 81,송도더샵그린스퀘어,지하1층 G12기둥,37.3,126.6,24시간 이용가능,IM,아이마켓코리아,아이마켓코리아,02-3708-5678,2,2026-07-16 02:24:48,2026-07-15 15:38:29,2026-07-16 02:24:20,,,7.0,단독,28,28185,H0,H001,Y,,Y,거주자외 출입제한,N,,N,2024,1,B,,IM000218_01,False,False,연수구,연수구,연수구,False,False,True,True,True,연수구,37.3,126.6,False,False,,연수구,False,False,True,True,False,,,,,unmatched
송도더샵그린스퀘어 F24기둥,IM000218,2,2,인천광역시 연수구 송도문화로28번길 81,송도더샵그린스퀘어,지하1층 G12기둥,37.3,126.6,24시간 이용가능,IM,아이마켓코리아,아이마켓코리아,02-3708-5678,2,2026-07-13 21:39:52,2026-07-13 17:18:50,2026-07-13 21:37:18,,,7.0,단독,28,28185,H0,H001,Y,,Y,거주자외 출입제한,N,,N,2024,1,B,,IM000218_02,False,False,연수구,연수구,연수구,False,False,True,True,True,연수구,37.3,126.6,False,False,,연수구,False,False,True,True,False,,,,,unmatched
송도더샵그린스퀘어 M23기둥,IM000219,1,2,인천광역시 연수구 송도문화로28번길 81,송도더샵그린스퀘어,지하1층 I12 기둥,37.3,126.6,24시간 이용가능,IM,아이마켓코리아,아이마켓코리아,02-3708-5678,2,2026-05-25 19:12:28,2026-05-25 13:55:39,2026-05-25 19:11:40,,,7.0,단독,28,28185,H0,H001,Y,,Y,거주자외 출입제한,N,,N,2024,1,B,,IM000219_01,False,False,연수구,연수구,연수구,False,False,True,True,True,연수구,37.3,126.6,False,False,,연수구,False,False,True,True,False,,,,,unmatched
송도더샵그린스퀘어 M23기둥,IM000219,2,2,인천광역시 연수구 송도문화로28번길 81,송도더샵그린스퀘어,지하1층 I12 기둥,37.3,126.6,24시간 이용가능,IM,아이마켓코리아,아이마켓코리아,02-3708-5678,2,2026-06-27 00:00:46,2026-06-26 18:25:39,2026-06-27 00:00:35,,,7.0,단독,28,28185,H0,H001,Y,,Y,거주자외 출입제한,N,,N,2024,1,B,,IM000219_02,False,False,연수구,연수구,연수구,False,False,True,True,True,연수구,37.3,126.6,False,False,,연수구,False,False,True,True,False,,,,,unmatched
송도더샵그린스퀘어 M23기둥,IM000219,3,2,인천광역시 연수구 송도문화로28번길 81,송도더샵그린스퀘어,지하1층 I12 기둥,37.3,126.6,24시간 이용가능,IM,아이마켓코리아,아이마켓코리아,02-3708-5678,2,2026-05-20 17:06:27,2026-05-12 17:54:38,2026-05-13 04:28:01,,,7.0,단독,28,28185,H0,H001,Y,,Y,거주자외 출입제한,N,,N,2024,1,B,,IM000219_03,False,False,연수구,연수구,연수구,False,False,True,True,True,연수구,37.3,126.6,False,False,,연수구,False,False,True,True,False,,,,,unmatched
송도더샵그린스퀘어 M23기둥,IM000219,4,2,인천광역시 연수구 송도문화로28번길 81,송도더샵그린스퀘어,지하1층 I12 기둥,37.3,126.6,24시간 이용가능,IM,아이마켓코리아,아이마켓코리아,02-3708-5678,2,2026-06-11 02:18:41,2026-06-09 13:12:02,2026-06-09 15:54:52,,,7.0,단독,28,28185,H0,H001,Y,,Y,거주자외 출입제한,N,,N,2024,1,B,,IM000219_04,False,False,연수구,연수구,연수구,False,False,True,True,True,연수구,37.3,126.6,False,False,,연수구,False,False,True,True,False,,,,,unmatched
송도더샵그린스퀘어 G25기둥,IM000220,1,2,인천광역시 연수구 송도문화로28번길 81,송도더샵그린스퀘어,지하1층 G13기둥,37.3,126.6,24시간 이용가능,IM,아이마켓코리아,아이마켓코리아,02-3708-5678,2,2026-06-27 20:15:46,2026-06-27 16:28:39,2026-06-27 20:14:38,,,7.0,단독,28,28185,H0,H001,Y,,Y,거주자외 출입제한,N,,N,2024,1,B,,IM000220_01,False,False,연수구,연수구,연수구,False,False,True,True,True,연수구,37.3,126.6,False,False,,연수구,False,False,True,True,False,,,,,unmatched
송도더샵그린스퀘어 G25기둥,IM000220,2,2,인천광역시 연수구 송도문화로28번길 81,송도더샵그린스퀘어,지하1층 G13기둥,37.3,126.6,24시간 이용가능,IM,아이마켓코리아,아이마켓코리아,02-3708-5678,2,2026-07-05 05:00:28,2026-07-04 16:41:02,2026-07-05 05:02:38,,,7.0,단독,28,28185,H0,H001,Y,,Y,거주자외 출입제한,N,,N,2024,1,B,,IM000220_02,False,False,연수구,연수구,연수구,False,False,True,True,True,연수구,37.3,126.6,False,False,,연수구,False,False,True,True,False,,,,,unmatched
송도더샵그린스퀘어 K25기둥,IM000221,1,2,인천광역시 연수구 송도문화로28번길 81,송도더샵그린스퀘어,지하1층 I13 기둥,37.3,126.6,24시간 이용가능,IM,아이마켓코리아,아이마켓코리아,02-3708-5678,2,2026-07-15 22:15:30,2026-07-15 17:45:35,2026-07-15 22:13:53,,,7.0,단독,28,28185,H0,H001,Y,,Y,거주자외 출입제한,N,,N,2024,1,B,,IM000221_01,False,False,연수구,연수구,연수구,False,False,True,True,True,연수구,37.3,126.6,False,False,,연수구,False,False,True,True,False,,,,,unmatched
송도더샵그린스퀘어 K25기둥,IM000221,2,2,인천광역시 연수구 송도문화로28번길 81,송도더샵그린스퀘어,지하1층 I13 기둥,37.3,126.6,24시간 이용가능,IM,아이마켓코리아,아이마켓코리아,02-3708-5678,2,2026-07-08 12:24:46,2026-07-08 09:50:54,2026-07-08 12:26:22,,,7.0,단독,28,28185,H0,H001,Y,,Y,거주자외 출입제한,N,,N,2024,1,B,,IM000221_02,False,False,연수구,연수구,연수구,False,False,True,True,True,연수구,37.3,126.6,False,False,,연수구,False,False,True,True,False,,,,,unmatched
송도더샵그린스퀘어 K25기둥,IM000221,3,2,인천광역시 연수구 송도문화로28번길 81,송도더샵그린스퀘어,지하1층 I13 기둥,37.3,126.6,24시간 이용가능,IM,아이마켓코리아,아이마켓코리아,02-3708-5678,2,2026-06-26 16:54:30,2026-06-26 13:30:28,2026-06-26 16:52:22,,,7.0,단독,28,28185,H0,H001,Y,,Y,거주자외 출입제한,N,,N,2024,1,B,,IM000221_03,False,False,연수구,연수구,연수구,False,False,True,True,True,연수구,37.3,126.6,False,False,,연수구,False,False,True,True,False,,,,,unmatched
송도더샵그린스퀘어 K25기둥,IM000221,4,2,인천광역시 연수구 송도문화로28번길 81,송도더샵그린스퀘어,지하1층 I13 기둥,37.3,126.6,24시간 이용가능,IM,아이마켓코리아,아이마켓코리아,02-3708-5678,2,2026-07-16 04:12:29,2026-07-15 22:50:07,2026-07-16 04:15:15,,,7.0,단독,28,28185,H0,H001,Y,,Y,거주자외 출입제한,N,,N,2024,1,B,,IM000221_04,False,False,연수구,연수구,연수구,False,False,True,True,True,연수구,37.3,126.6,False,False,,연수구,False,False,True,True,False,,,,,unmatched
송도더샵그린스퀘어 K25기둥,IM000221,5,2,인천광역시 연수구 송도문화로28번길 81,송도더샵그린스퀘어,지하1층 I13 기둥,37.3,126.6,24시간 이용가능,IM,아이마켓코리아,아이마켓코리아,02-3708-5678,2,2026-06-15 20:09:52,2026-06-15 15:16:09,2026-06-15 20:09:39,,,7.0,단독,28,28185,H0,H001,Y,,Y,거주자외 출입제한,N,,N,2024,1,B,,IM000221_05,False,False,연수구,연수구,연수구,False,False,True,True,True,연수구,37.3,126.6,False,False,,연수구,False,False,True,True,False,,,,,unmatched
송도더샵그린스퀘어 K25기둥,IM000221,6,2,인천광역시 연수구 송도문화로28번길 81,송도더샵그린스퀘어,지하1층 I13 기둥,37.3,126.6,24시간 이용가능,IM,아이마켓코리아,아이마켓코리아,02-3708-5678,2,2026-06-22 08:12:28,2026-06-02 21:04:29,2026-06-02 22:10:58,,,7.0,단독,28,28185,H0,H001,Y,,Y,거주자외 출입제한,N,,N,2024,1,B,,IM000221_06,False,False,연수구,연수구,연수구,False,False,True,True,True,연수구,37.3,126.6,False,False,,연수구,False,False,True,True,False,,,,,unmatched
송도더샵그린스퀘어 K25기둥,IM000222,1,2,인천광역시 연수구 송도문화로28번길 81,송도더샵그린스퀘어,지하1층 K13기둥,37.3,126.6,24시간 이용가능,IM,아이마켓코리아,아이마켓코리아,02-3708-5678,2,2026-06-30 02:12:29,2026-06-29 21:09:43,2026-06-30 02:12:01,,,7.0,단독,28,28185,H0,H001,Y,,Y,거주자외 출입제한,N,,N,2024,1,B,,IM000222_01,False,False,연수구,연수구,연수구,False,False,True,True,True,연수구,37.3,126.6,False,False,,연수구,False,False,True,True,False,,,,,unmatched
송도더샵그린스퀘어 K25기둥,IM000222,2,2,인천광역시 연수구 송도문화로28번길 81,송도더샵그린스퀘어,지하1층 K13기둥,37.3,126.6,24시간 이용가능,IM,아이마켓코리아,아이마켓코리아,02-3708-5678,2,2026-07-16 04:36:54,2026-07-15 19:45:02,2026-07-16 04:35:52,,,7.0,단독,28,28185,H0,H001,Y,,Y,거주자외 출입제한,N,,N,2024,1,B,,IM000222_02,False,False,연수구,연수구,연수구,False,False,True,True,True,연수구,37.3,126.6,False,False,,연수구,False,False,True,True,False,,,,,unmatched
송도더샵그린스퀘어 K25기둥,IM000222,3,2,인천광역시 연수구 송도문화로28번길 81,송도더샵그린스퀘어,지하1층 K13기둥,37.3,126.6,24시간 이용가능,IM,아이마켓코리아,아이마켓코리아,02-3708-5678,2,2026-06-28 01:12:29,2026-06-27 22:04:37,2026-06-28 01:12:48,,,7.0,단독,28,28185,H0,H001,Y,,Y,거주자외 출입제한,N,,N,2024,1,B,,IM000222_03,False,False,연수구,연수구,연수구,False,False,True,True,True,연수구,37.3,126.6,False,False,,연수구,False,False,True,True,False,,,,,unmatched
송도더샵그린스퀘어 M23기둥,IM000223,1,2,인천광역시 연수구 송도문화로28번길 81,송도더샵그린스퀘어,지하1층 M13 기둥,37.3,126.6,24시간 이용가능,IM,아이마켓코리아,아이마켓코리아,02-3708-5678,2,2026-06-11 12:06:28,2026-03-17 12:14:01,2026-03-17 22:11:16,,,7.0,단독,28,28185,H0,H001,Y,,Y,거주자외 출입제한,N,,N,2024,1,B,,IM000223_01,False,False,연수구,연수구,연수구,False,False,True,True,True,연수구,37.3,126.6,False,False,,연수구,False,False,True,True,False,,,,,unmatched
송도더샵그린스퀘어 M23기둥,IM000223,2,2,인천광역시 연수구 송도문화로28번길 81,송도더샵그린스퀘어,지하1층 M13 기둥,37.3,126.6,24시간 이용가능,IM,아이마켓코리아,아이마켓코리아,02-3708-5678,2,2026-07-13 14:03:29,2026-07-13 09:46:46,2026-07-13 14:05:16,,,7.0,단독,28,28185,H0,H001,Y,,Y,거주자외 출입제한,N,,N,2024,1,B,,IM000223_02,False,False,연수구,연수구,연수구,False,False,True,True,True,연수구,37.3,126.6,False,False,,연수구,False,False,True,True,False,,,,,unmatched
송도더샵그린스퀘어 M23기둥,IM000223,3,2,인천광역시 연수구 송도문화로28번길 81,송도더샵그린스퀘어,지하1층 M13 기둥,37.3,126.6,24시간 이용가능,IM,아이마켓코리아,아이마켓코리아,02-3708-5678,2,2026-05-20 17:06:27,2026-05-15 12:02:15,2026-05-15 16:16:54,,,7.0,단독,28,28185,H0,H001,Y,,Y,거주자외 출입제한,N,,N,2024,1,B,,IM000223_03,False,False,연수구,연수구,연수구,False,False,True,True,True,연수구,37.3,126.6,False,False,,연수구,False,False,True,True,False,,,,,unmatched
송도더샵그린스퀘어 M23기둥,IM000223,4,2,인천광역시 연수구 송도문화로28번길 81,송도더샵그린스퀘어,지하1층 M13 기둥,37.3,126.6,24시간 이용가능,IM,아이마켓코리아,아이마켓코리아,02-3708-5678,2,2026-07-13 17:45:31,2026-07-13 17:08:19,2026-07-13 17:47:25,,,7.0,단독,28,28185,H0,H001,Y,,Y,거주자외 출입제한,N,,N,2024,1,B,,IM000223_04,False,False,연수구,연수구,연수구,False,False,True,True,True,연수구,37.3,126.6,False,False,,연수구,False,False,True,True,False,,,,,unmatched
송도더샵그린스퀘어 I26기둥,IM000224,1,2,인천광역시 연수구 송도문화로28번길 81,송도더샵그린스퀘어,지하1층 M12기둥,37.3,126.6,24시간 이용가능,IM,아이마켓코리아,아이마켓코리아,02-3708-5678,2,2026-07-14 19:18:47,2026-07-14 15:55:35,2026-07-14 19:16:22,,,7.0,단독,28,28185,H0,H001,Y,,Y,거주자외 출입제한,N,,N,2024,1,B,,IM000224_01,False,False,연수구,연수구,연수구,False,False,True,True,True,연수구,37.3,126.6,False,False,,연수구,False,False,True,True,False,,,,,unmatched
송도더샵그린스퀘어 I26기둥,IM000224,2,2,인천광역시 연수구 송도문화로28번길 81,송도더샵그린스퀘어,지하1층 M12기둥,37.3,126.6,24시간 이용가능,IM,아이마켓코리아,아이마켓코리아,02-3708-5678,2,2026-07-16 00:13:01,2026-07-15 20:48:02,2026-07-16 00:13:31,,,7.0,단독,28,28185,H0,H001,Y,,Y,거주자외 출입제한,N,,N,2024,1,B,,IM000224_02,False,False,연수구,연수구,연수구,False,False,True,True,True,연수구,37.3,126.6,False,False,,연수구,False,False,True,True,False,,,,,unmatched
송도더샵그린스퀘어 I26기둥,IM000224,3,2,인천광역시 연수구 송도문화로28번길 81,송도더샵그린스퀘어,지하1층 M12기둥,37.3,126.6,24시간 이용가능,IM,아이마켓코리아,아이마켓코리아,02-3708-5678,2,2026-07-16 01:21:46,2026-07-15 17:56:09,2026-07-16 01:22:47,,,7.0,단독,28,28185,H0,H001,Y,,Y,거주자외 출입제한,N,,N,2024,1,B,,IM000224_03,False,False,연수구,연수구,연수구,False,False,True,True,True,연수구,37.3,126.6,False,False,,연수구,False,False,True,True,False,,,,,unmatched
송도더샵그린스퀘어 I26기둥,IM000224,4,2,인천광역시 연수구 송도문화로28번길 81,송도더샵그린스퀘어,지하1층 M12기둥,37.3,126.6,24시간 이용가능,IM,아이마켓코리아,아이마켓코리아,02-3708-5678,2,2026-07-16 01:18:30,2026-07-15 18:32:39,2026-07-16 01:19:54,,,7.0,단독,28,28185,H0,H001,Y,,Y,거주자외 출입제한,N,,N,2024,1,B,,IM000224_04,False,False,연수구,연수구,연수구,False,False,True,True,True,연수구,37.3,126.6,False,False,,연수구,False,False,True,True,False,,,,,unmatched
송도더샵그린스퀘어 I26기둥,IM000225,1,2,인천광역시 연수구 송도문화로28번길 81,송도더샵그린스퀘어,지하1층 K12기둥,37.3,126.6,24시간 이용가능,IM,아이마켓코리아,아이마켓코리아,02-3708-5678,2,2026-07-14 00:57:47,2026-07-13 22:08:58,2026-07-14 00:57:56,,,7.0,단독,28,28185,H0,H001,Y,,Y,거주자외 출입제한,N,,N,2024,1,B,,IM000225_01,False,False,연수구,연수구,연수구,False,False,True,True,True,연수구,37.3,126.6,False,False,,연수구,False,False,True,True,False,,,,,unmatched
송도더샵그린스퀘어 I26기둥,IM000225,2,2,인천광역시 연수구 송도문화로28번길 81,송도더샵그린스퀘어,지하1층 K12기둥,37.3,126.6,24시간 이용가능,IM,아이마켓코리아,아이마켓코리아,02-3708-5678,2,2026-06-29 05:12:29,2026-06-28 21:16:31,2026-06-29 05:12:55,,,7.0,단독,28,28185,H0,H001,Y,,Y,거주자외 출입제한,N,,N,2024,1,B,,IM000225_02,False,False,연수구,연수구,연수구,False,False,True,True,True,연수구,37.3,126.6,False,False,,연수구,False,False,True,True,False,,,,,unmatched
송도더샵그린스퀘어 I26기둥,IM000225,3,2,인천광역시 연수구 송도문화로28번길 81,송도더샵그린스퀘어,지하1층 K12기둥,37.3,126.6,24시간 이용가능,IM,아이마켓코리아,아이마켓코리아,02-3708-5678,2,2026-07-11 21:57:28,2026-07-11 18:32:18,2026-07-11 21:58:14,,,7.0,단독,28,28185,H0,H001,Y,,Y,거주자외 출입제한,N,,N,2024,1,B,,IM000225_03,False,False,연수구,연수구,연수구,False,False,True,True,True,연수구,37.3,126.6,False,False,,연수구,False,False,True,True,False,,,,,unmatched
연희동 홍연2교 옆 노상주차장,KP004932,1,4,인천광역시 서해구 연희로28번길 13-7,노상주차장,,37.577512064,126.93104011,24시간 이용가능,KP,한국전력공사,한국전력,1899-2100,1,2026-07-16 08:10:16,2026-07-13 00:50:22,2026-07-13 01:16:37,,,100.0,단독,28,28275,B0,B004,Y,,N,,N,,N,2021,1,F,피에스텍,KP004932_01,False,False,서해구,서해구,서해구,False,False,False,True,True,서해구,37.577512064,126.93104011,False,False,,서해구,False,False,True,True,True,,,,,unmatched
LG원당자이,PI202821,1,2,"인천광역시 검단구 원당대로839번길？34 (원당동,？엘지원당자이아파트)",,,37.2193,126.696,,PI,GS차지비,GS차지비,1600-4047,2,2026-07-16 01:06:12,2026-07-15 16:30:26,2026-07-16 00:03:48,,,7.0,단독,28,28290,H0,H001,Y,,N,,N,,N,2018,1,B,시그넷,PI202821_01,False,False,검단구,검단구,검단구,False,False,False,True,True,검단구,37.2193,126.696,False,False,,검단구,False,False,True,True,True,,,,,unmatched
LG원당자이,PI202821,2,2,"인천광역시 검단구 원당대로839번길？34 (원당동,？엘지원당자이아파트)",,,37.2193,126.696,,PI,GS차지비,GS차지비,1600-4047,2,2026-07-01 02:26:33,2026-06-25 01:41:56,2026-06-25 05:54:52,,,7.0,단독,28,28290,H0,H001,Y,,N,,N,,N,2018,1,B,시그넷,PI202821_02,False,False,검단구,검단구,검단구,False,False,False,True,True,검단구,37.2193,126.696,False,False,,검단구,False,False,True,True,True,,,,,unmatched
성원운수 운연동차고지,RS000033,1,11,인천광역시 남동구 음실로 53,성원운수,,37.4,126.8,24시간 이용가능,RS,리셀파워,리셀파워,0319150503,2,2026-06-28 04:00:02,,,,,120.0,단독,28,28200,B0,B004,Y,,N,,N,,N,2025,1,F,PNE,RS000033_01,False,False,남동구,남동구,남동구,False,False,False,True,True,남동구,37.4,126.8,False,False,,남동구,False,False,True,True,True,,,,,unmatched
성원운수 운연동차고지,RS000033,2,11,인천광역시 남동구 음실로 53,성원운수,,37.4,126.8,24시간 이용가능,RS,리셀파워,리셀파워,0319150503,2,2026-06-28 04:00:02,,,,,120.0,단독,28,28200,B0,B004,Y,,N,,N,,N,2025,1,F,PNE,RS000033_02,False,False,남동구,남동구,남동구,False,False,False,True,True,남동구,37.4,126.8,False,False,,남동구,False,False,True,True,True,,,,,unmatched
신화여객 아시아드경기장,RS000040,1,11,인천광역시 서해구 봉수대로 806,아시아드경기장,,37.5,126.6,24시간 이용가능,RS,리셀파워,리셀파워,031-915-0503,2,2026-06-28 04:00:02,,,,,120.0,동시,28,28275,G0,G004,Y,,N,,N,,N,2025,1,F,PNE,RS000040_01,False,False,서해구,서해구,서해구,False,False,False,True,True,서해구,37.5,126.6,False,False,,서해구,False,False,True,True,True,,,,,unmatched
신화여객 아시아드경기장,RS000040,2,11,인천광역시 서해구 봉수대로 806,아시아드경기장,,37.5,126.6,24시간 이용가능,RS,리셀파워,리셀파워,031-915-0503,2,2026-06-28 04:00:02,,,,,120.0,동시,28,28275,G0,G004,Y,,N,,N,,N,2025,1,F,PNE,RS000040_02,False,False,서해구,서해구,서해구,False,False,False,True,True,서해구,37.5,126.6,False,False,,서해구,False,False,True,True,True,,,,,unmatched
신화여객 아시아드경기장,RS000040,3,11,인천광역시 서해구 봉수대로 806,아시아드경기장,,37.5,126.6,24시간 이용가능,RS,리셀파워,리셀파워,031-915-0503,2,2026-06-28 04:00:02,,,,,120.0,동시,28,28275,G0,G004,Y,,N,,N,,N,2025,1,F,PNE,RS000040_03,False,False,서해구,서해구,서해구,False,False,False,True,True,서해구,37.5,126.6,False,False,,서해구,False,False,True,True,True,,,,,unmatched
신화여객 아시아드경기장,RS000040,4,11,인천광역시 서해구 봉수대로 806,아시아드경기장,,37.5,126.6,24시간 이용가능,RS,리셀파워,리셀파워,031-915-0503,2,2026-06-28 04:00:02,,,,,120.0,동시,28,28275,G0,G004,Y,,N,,N,,N,2025,1,F,PNE,RS000040_04,False,False,서해구,서해구,서해구,False,False,False,True,True,서해구,37.5,126.6,False,False,,서해구,False,False,True,True,True,,,,,unmatched
신화여객 동춘동차고지,RS000041,1,11,인천광역시 연수구 먼우금로 2,동춘동차고지,,37.4,126.6,24시간 이용가능,RS,리셀파워,리셀파워,031-915-0503,2,2026-06-28 04:00:02,,,,,120.0,동시,28,28185,G0,G004,Y,,N,,N,,N,2025,1,F,PNE,RS000041_01,False,False,연수구,연수구,연수구,False,False,False,True,True,연수구,37.4,126.6,False,False,,연수구,False,False,True,True,True,,,,,unmatched
신화여객 동춘동차고지,RS000041,2,11,인천광역시 연수구 먼우금로 2,동춘동차고지,,37.4,126.6,24시간 이용가능,RS,리셀파워,리셀파워,031-915-0503,2,2026-06-28 04:00:02,,,,,120.0,동시,28,28185,G0,G004,Y,,N,,N,,N,2025,1,F,PNE,RS000041_02,False,False,연수구,연수구,연수구,False,False,False,True,True,연수구,37.4,126.6,False,False,,연수구,False,False,True,True,True,,,,,unmatched
신화여객 동춘동차고지,RS000041,3,11,인천광역시 연수구 먼우금로 2,동춘동차고지,,37.4,126.6,24시간 이용가능,RS,리셀파워,리셀파워,031-915-0503,2,2026-06-28 04:00:02,,,,,120.0,동시,28,28185,G0,G004,Y,,N,,N,,N,2025,1,F,PNE,RS000041_03,False,False,연수구,연수구,연수구,False,False,False,True,True,연수구,37.4,126.6,False,False,,연수구,False,False,True,True,True,,,,,unmatched
신화여객 동춘동차고지,RS000041,4,11,인천광역시 연수구 먼우금로 2,동춘동차고지,,37.4,126.6,24시간 이용가능,RS,리셀파워,리셀파워,031-915-0503,2,2026-06-28 04:00:02,,,,,120.0,동시,28,28185,G0,G004,Y,,N,,N,,N,2025,1,F,PNE,RS000041_04,False,False,연수구,연수구,연수구,False,False,False,True,True,연수구,37.4,126.6,False,False,,연수구,False,False,True,True,True,,,,,unmatched
신화여객 동춘동차고지,RS000041,5,11,인천광역시 연수구 먼우금로 2,동춘동차고지,,37.4,126.6,24시간 이용가능,RS,리셀파워,리셀파워,031-915-0503,2,2026-06-28 04:00:02,,,,,120.0,동시,28,28185,G0,G004,Y,,N,,N,,N,2025,1,F,PNE,RS000041_05,False,False,연수구,연수구,연수구,False,False,False,True,True,연수구,37.4,126.6,False,False,,연수구,False,False,True,True,True,,,,,unmatched
신화여객 동춘동차고지,RS000041,6,11,인천광역시 연수구 먼우금로 2,동춘동차고지,,37.4,126.6,24시간 이용가능,RS,리셀파워,리셀파워,031-915-0503,2,2026-06-28 04:00:02,,,,,120.0,동시,28,28185,G0,G004,Y,,N,,N,,N,2025,1,F,PNE,RS000041_06,False,False,연수구,연수구,연수구,False,False,False,True,True,연수구,37.4,126.6,False,False,,연수구,False,False,True,True,True,,,,,unmatched
신화여객 동춘동차고지,RS000041,7,11,인천광역시 연수구 먼우금로 2,동춘동차고지,,37.4,126.6,24시간 이용가능,RS,리셀파워,리셀파워,031-915-0503,2,2026-06-28 04:00:02,,,,,120.0,동시,28,28185,G0,G004,Y,,N,,N,,N,2025,1,F,PNE,RS000041_07,False,False,연수구,연수구,연수구,False,False,False,True,True,연수구,37.4,126.6,False,False,,연수구,False,False,True,True,True,,,,,unmatched
신화여객 동춘동차고지,RS000041,8,11,인천광역시 연수구 먼우금로 2,동춘동차고지,,37.4,126.6,24시간 이용가능,RS,리셀파워,리셀파워,031-915-0503,2,2026-06-28 04:00:02,,,,,120.0,동시,28,28185,G0,G004,Y,,N,,N,,N,2025,1,F,PNE,RS000041_08,False,False,연수구,연수구,연수구,False,False,False,True,True,연수구,37.4,126.6,False,False,,연수구,False,False,True,True,True,,,,,unmatched
신화여객 동춘동차고지,RS000041,9,11,인천광역시 연수구 먼우금로 2,동춘동차고지,,37.4,126.6,24시간 이용가능,RS,리셀파워,리셀파워,031-915-0503,2,2026-06-28 04:00:02,,,,,120.0,동시,28,28185,G0,G004,Y,,N,,N,,N,2025,1,F,PNE,RS000041_09,False,False,연수구,연수구,연수구,False,False,False,True,True,연수구,37.4,126.6,False,False,,연수구,False,False,True,True,True,,,,,unmatched
신화여객 동춘동차고지,RS000041,10,11,인천광역시 연수구 먼우금로 2,동춘동차고지,,37.4,126.6,24시간 이용가능,RS,리셀파워,리셀파워,031-915-0503,2,2026-06-28 04:00:02,,,,,120.0,동시,28,28185,G0,G004,Y,,N,,N,,N,2025,1,F,PNE,RS000041_10,False,False,연수구,연수구,연수구,False,False,False,True,True,연수구,37.4,126.6,False,False,,연수구,False,False,True,True,True,,,,,unmatched
신화여객 서운동차고지,RS000042,1,11,인천광역시 계양구 서운동 225,신화여객 서운동차고지,,37.5,126.8,24시간 이용가능,RS,리셀파워,리셀파워,031-915-0503,2,2026-06-28 04:00:02,,,,,120.0,동시,28,28245,G0,G004,Y,,N,,N,,N,2025,1,F,PNE,RS000042_01,False,False,계양구,계양구,계양구,False,False,False,True,True,계양구,37.5,126.8,False,False,,계양구,False,False,True,True,True,,,,,unmatched
신화여객 서운동차고지,RS000042,2,11,인천광역시 계양구 서운동 225,신화여객 서운동차고지,,37.5,126.8,24시간 이용가능,RS,리셀파워,리셀파워,031-915-0503,2,2026-06-28 04:00:02,,,,,120.0,동시,28,28245,G0,G004,Y,,N,,N,,N,2025,1,F,PNE,RS000042_02,False,False,계양구,계양구,계양구,False,False,False,True,True,계양구,37.5,126.8,False,False,,계양구,False,False,True,True,True,,,,,unmatched
교보DTS 데이터센터,TDG00014,1,2,인천광역시 연수구 벤처로 14,교보DTS 데이터센터,교보DTS 데이터센터,37.831573,126.637546,00:00~24:00,TD,타디스테크놀로지,타디스테크놀로지,02-6956-3055,2,2026-07-12 23:00:04,2026-05-24 08:25:25,2026-05-24 09:57:56,,,7.0,단독,28,28185,G0,G004,Y,,N,,N,,N,2024,1,F,,TDG00014_01,False,False,연수구,연수구,연수구,False,False,False,True,True,연수구,37.831573,126.637546,False,False,,연수구,False,False,True,True,True,,,,,unmatched
교보DTS 데이터센터,TDG00014,2,2,인천광역시 연수구 벤처로 14,교보DTS 데이터센터,교보DTS 데이터센터,37.831573,126.637546,00:00~24:00,TD,타디스테크놀로지,타디스테크놀로지,02-6956-3055,2,2026-07-15 10:00:03,2026-05-21 06:05:00,2026-05-21 07:32:28,,,7.0,단독,28,28185,G0,G004,Y,,N,,N,,N,2024,1,F,,TDG00014_02,False,False,연수구,연수구,연수구,False,False,False,True,True,연수구,37.831573,126.637546,False,False,,연수구,False,False,True,True,True,,,,,unmatched
교보DTS 데이터센터,TDG00014,3,2,인천광역시 연수구 벤처로 14,교보DTS 데이터센터,교보DTS 데이터센터,37.831573,126.637546,00:00~24:00,TD,타디스테크놀로지,타디스테크놀로지,02-6956-3055,2,2026-07-14 23:00:03,2026-06-04 18:15:46,2026-06-04 20:51:12,,,7.0,단독,28,28185,G0,G004,Y,,N,,N,,N,2024,1,F,,TDG00014_03,False,False,연수구,연수구,연수구,False,False,False,True,True,연수구,37.831573,126.637546,False,False,,연수구,False,False,True,True,True,,,,,unmatched
인천교통공사01,ZPZPIT01,1,4,인천광역시 서해구 파랑로 105,BRT 통합차고지,차고지 본사 건물 왼쪽 앞,37.3,126.37,24시간 이용가능,ZP,자몽파워,인천교통공사,1533-6201,9,,,,,,300.0,동시,28,28275,B0,B001,Y,,Y,시설 상황에 따라 이용이 제한될 수 있음,N,,N,2024,1,F,PNE,ZPZPIT01_01,False,False,서해구,서해구,서해구,False,False,True,True,True,서해구,37.3,126.37,False,False,,서해구,False,False,True,True,False,,,,,unmatched
인천교통공사01,ZPZPIT01,2,4,인천광역시 서해구 파랑로 105,BRT 통합차고지,차고지 본사 건물 왼쪽 앞,37.3,126.37,24시간 이용가능,ZP,자몽파워,인천교통공사,1533-6201,9,,,,,,300.0,동시,28,28275,B0,B001,Y,,Y,시설 상황에 따라 이용이 제한될 수 있음,N,,N,2024,1,F,PNE,ZPZPIT01_02,False,False,서해구,서해구,서해구,False,False,True,True,True,서해구,37.3,126.37,False,False,,서해구,False,False,True,True,False,,,,,unmatched
인천교통공사01,ZPZPIT01,3,4,인천광역시 서해구 파랑로 105,BRT 통합차고지,차고지 본사 건물 왼쪽 앞,37.3,126.37,24시간 이용가능,ZP,자몽파워,인천교통공사,1533-6201,9,,,,,,300.0,동시,28,28275,B0,B001,Y,,N,시설 상황에 따라 이용이 제한될 수 있음,N,,N,2024,1,F,PNE,ZPZPIT01_03,False,False,서해구,서해구,서해구,False,False,False,True,True,서해구,37.3,126.37,False,False,,서해구,False,False,True,True,True,,,,,unmatched
인천교통공사01,ZPZPIT01,4,4,인천광역시 서해구 파랑로 105,BRT 통합차고지,차고지 본사 건물 왼쪽 앞,37.3,126.37,24시간 이용가능,ZP,자몽파워,인천교통공사,1533-6201,9,,,,,,300.0,동시,28,28275,B0,B001,Y,,N,시설 상황에 따라 이용이 제한될 수 있음,N,,N,2024,1,F,PNE,ZPZPIT01_04,False,False,서해구,서해구,서해구,False,False,False,True,True,서해구,37.3,126.37,False,False,,서해구,False,False,True,True,True,,,,,unmatched
인천교통공사01,ZPZPIT01,5,4,인천광역시 서해구 파랑로 105,BRT 통합차고지,차고지 본사 건물 왼쪽 앞,37.3,126.37,24시간 이용가능,ZP,자몽파워,인천교통공사,1533-6201,9,,,,,,300.0,동시,28,28275,B0,B001,Y,,N,시설 상황에 따라 이용이 제한될 수 있음,N,,N,2024,1,F,PNE,ZPZPIT01_05,False,False,서해구,서해구,서해구,False,False,False,True,True,서해구,37.3,126.37,False,False,,서해구,False,False,True,True,True,,,,,unmatched
인천교통공사01,ZPZPIT01,6,4,인천광역시 서해구 파랑로 105,BRT 통합차고지,차고지 본사 건물 왼쪽 앞,37.3,126.37,24시간 이용가능,ZP,자몽파워,인천교통공사,1533-6201,9,,,,,,300.0,동시,28,28275,B0,B001,Y,,N,시설 상황에 따라 이용이 제한될 수 있음,N,,N,2024,1,F,PNE,ZPZPIT01_06,False,False,서해구,서해구,서해구,False,False,False,True,True,서해구,37.3,126.37,False,False,,서해구,False,False,True,True,True,,,,,unmatched
