station_id,station_name,district_2024,latitude,longitude,charger_count,public_charger_count,nearest_station_distance_m,representative_address
ME25A140,강화평화전망대 주차장,강화군,37.825308,126.4342313,1,1,3759.42,인천광역시 강화군 양사면 철산리 11-44
EZ001034,한울다솜,강화군,37.7694196,126.3583946,1,1,2899.18,인천광역시 강화군 하점면 창후로288번길 13 입구 부근
MO910178,순교자의모후전교수녀회,강화군,37.6530504,126.4518538,1,1,2717.03,인천광역시 강화군 양도면 고려왕릉로 33 순교자의모후전교수녀회 옥외주차장
ME24B151,덕적친환경에너지홍보관,옹진군,37.238704,126.119842,1,1,2557.82,인천광역시 옹진군 덕적면 덕적남로 591
ME25A258,아라파크웨이 공영주차장,계양구,37.5834957,126.7733907,2,2,2512.51,인천광역시 계양구 평동 17-15
SOJWE008,바바벨리펜션,강화군,37.66769825,126.35741442,1,1,2305.82,인천광역시 강화군 삼산면 삼산남로 382-2 바바벨리펜션 주차장(숙박시설 앞)
ME24A251,신도바다역,옹진군,37.5150769,126.4388447,2,2,2115.85,인천광역시 옹진군 북도면 신도로 5-1
PI320236,인천시 강화군 리니스하우스,강화군,37.690595978,126.41700002,1,1,2089.89,인천광역시 강화군 양도면 강화남로 1077-23 주차장
CI0L0011,프랭클리 로스터리 커피,강화군,37.728488,126.4509896,1,1,2017.46,인천광역시 강화군 선원면 시리미로237번길 32 프랭클리 로스터리 커피
ME24B148,자월면사무소,옹진군,37.254528,126.307363,1,1,1985.52,인천광역시 옹진군 자월면 자월서로164
HRA00077,별난해변펜션,옹진군,37.260696,126.286347,1,1,1985.52,인천광역시 옹진군 자월면 자월서로359번길 132
ME24A250,북도면사무소,옹진군,37.5326763,126.4296267,2,2,1850.33,인천광역시 옹진군 북도면 시도로 82
EP230250,인천 강화천문과학관 급속충전소(조달청),강화군,37.7735314,126.3908998,2,2,1829.44,"인천 강화군 하점면 강화서로 915-1 (이강리, 심은미술관) 주차장"
KP004580,하점면사무소,강화군,37.77443,126.41164,1,1,1829.44,인천광역시 강화군 하점면 강화대로 1220
CGG00004,강화 씨사이드리조트(실외주차장),강화군,37.6171221,126.4981148,20,20,1584.97,인천광역시 강화군 길상면 장흥로 217 강화 씨사이드리조트 실외주차장(테슬라 충전소 옆)
ME25A232,삼산면 매음리 제1공영주차장,강화군,37.6851974,126.3163775,2,2,1574.6,인천광역시 강화군 삼산면 매음리 641-10
PL000731,황금빛노을펜션,강화군,37.6924067,126.3009967,2,0,1574.6,인천광역시 강화군 삼산면 삼산남로 998
HM001056,해담펜션,강화군,37.67257758,126.40936534,2,2,1555.5,인천광역시 강화군 양도면 해안서로 420-48
ME20A1b7,"양도면사무소, 보건지소",강화군,37.66288936,126.42211183,1,1,1555.5,인천광역시 강화군 양도면 강화남로 708-2
SF003399,덕적도 자연휴양림 (완속충전기),옹진군,37.215253665,126.13803652,2,2,1528.93,인천광역시 옹진군 덕적면 덕적남로 220 덕적도 자연휴양림 (완속충전기)
CV000199,한국가스공사 인천기지본부,연수구,37.349515,126.60881,2,0,1493.07,인천광역시 연수구 인천신항대로 960 한국가스공사 인천기지본부 지상1층 야외주차장
PI320352,인천시 연수구 오렌지듄스GC,연수구,37.353958,126.592898,6,6,1493.07,인천광역시 연수구 인천신항대로 1120 클럽하우스앞 지상주차장(카트 보관소앞)
ME25A335,석모도만남의광장 공영주차장,강화군,37.6945463,126.3492504,3,3,1468.34,인천광역시 강화군 삼산면 석포리 547-15
EP320100,㈜카이스시스템(아로니움),강화군,37.687881807,126.36363691,1,1,1468.34,인천광역시 강화군 삼산면 삼산남로 85-11 구내주차장/옥외
EZ000246,포시즌,강화군,37.688647,126.3898723,1,1,1436.76,인천광역시 영종구 을왕로40번길 10 옥외 주차면
PI320241,인천시 옹진군 측도펜션,옹진군,37.233271999,126.51767051,1,1,1434.79,인천광역시 옹진군 영흥면 선재로95번길 273 주차장
CV004475,국립무의도자연휴양림,중구,37.3902751,126.4104894,1,1,1401.58,인천광역시 영종구 하나개로 74 (무의동) 지상1층 주차장
GS000511,무진에너지 스카이주유소,중구,37.4435529,126.4302608,2,2,1311.82,인천광역시 영종구 공항서로 187 스카이주유소
JA280052,인천 중구 왕산마리나,중구,37.4579235,126.3571443,3,3,1285.7,인천광역시 영종구 왕산마리나길 143 왕산마리나 지상 주차장
EZ000507,행복한소풍캠핑장,강화군,37.6389876,126.4008375,1,1,1276.84,인천광역시 강화군 화도면 마니산로 902-15 주차장 입구 부근
EV005677,영종도 하늘체육공원,중구,37.5048402,126.5419943,2,2,1261.97,인천광역시 영종구 하늘달빛로 108 하늘체육공원 입구로부터 우측
CI0L0005,저스트그루브,강화군,37.5963893,126.4422265,3,3,1205.38,인천광역시 강화군 화도면 해안남로 1632 저스트그루브
CI0L0003,힐링하우스,강화군,37.6521734,126.5185888,1,1,1196.99,"인천광역시 강화군 불은면 해안동로 313-15 외2필지, 힐링하우스"
SBSB0033,국민체육진흥공단 경정훈련원점,중구,37.4296954,126.4370839,3,3,1181.82,인천광역시 영종구 영종해안남로 19-122 실외주차장
CI0L000A,코지네이처펜션,강화군,37.5864171,126.5085073,1,1,1137.99,인천광역시 강화군 길상면 동검리 589-11
EZ002301,포도나무펜션,강화군,37.6193626,126.4615538,1,1,1137.51,인천광역시 강화군 화도면 해안남로1066번길 10 주차장
ME25A445,함허동천 주차장,강화군,37.6096011,126.4576157,4,4,1137.51,인천광역시 강화군 화도면 사기리 439-5
PI070170,가천대학교,강화군,37.6030578,126.4949725,4,4,1137.32,인천광역시 강화군 길상면 해안남로 646-1 학생회관 입구 우측 30m
EP200360,인천 햇살오토캠핑장,강화군,37.6068255,126.4829906,2,0,1137.32,인천광역시 강화군 길상면 해안남로 760-22 구내주차장
LU001230,푸드트리,서구,37.609945,126.631434,1,1,1132.09,인천광역시 검단구 소담로 14 옥외주차장
CI0L000C,봄의언덕,강화군,37.6358985,126.5112582,1,1,1124.83,인천광역시 강화군 길상면 길상로 118 지상 1층 주차장 지상 1층 주차장
ICIA0068,클럽72 드림골프레인지 주차장,중구,37.495352,126.460132,12,0,1123.96,인천광역시 영종구 운서동 3196-3 주차장 진입 후 정면 끝
CV004610,북항배후단지남측화물차주차장,서구,37.501354839,126.60897234,1,1,1121.09,인천광역시 서해구 북항로363번길 57 (원창동)
ME25A456,영흥늘푸른센터,옹진군,37.2588475,126.4935813,4,4,1114.73,인천광역시 옹진군 영흥면 영흥로176번길 8
PI748110,BMW차징스테이션 카페시루케이크 by바바리안모터스,중구,37.4599474,126.4078099,6,6,1097.01,인천광역시 영종구 공항서로 459 주차장 입구 앞
ST282605,태경에이엘씨(입주사 전용),서구,37.6259563,126.679814,1,0,1071.67,인천광역시 검단구 설원로138번길 21 태경에이엘씨 주차장  부설연구소 건물 좌측벽면
PI713315,당근바다팬션,강화군,37.7162156,126.3526009,1,1,1056.65,인천광역시 강화군 내가면 황청포구로462번길 4-37 당근바다팬션 지상주차장  7KW
LU003985,풍산사택,강화군,37.753035,126.501653,3,0,1048.82,인천광역시 강화군 강화읍 동문로152번길 45 지상주차장
LU001246,호텔오라,중구,37.454027,126.417743,2,2,1002.08,인천광역시 영종구 공항서로 345 옥외주차장
EP200359,인천 예쁜펜션하늘정원,강화군,37.6160509,126.4009467,2,0,998.44,인천광역시 강화군 화도면 동녘말길220번길 63 구내주차장
JA280043,롯데글로벌로지스 경인집배센터,서구,37.5657734,126.6023114,4,0,990.08,인천광역시 검단구 갑문3로 26 롯데글로벌로지스 경인집배센터 롯데글로벌로지스 경인집배센터 지상 1층
PI320064,인천시 강화군 진복호식당,강화군,37.59666409,126.5090566,2,2,919.44,인천광역시 강화군 길상면 해안남로 488 주차장
HE240378,아라마루휴게소,계양구,37.572639304,126.7013906,2,2,916.88,인천광역시 계양구 아라로 228 지상주차장
ICIA0067,클럽72 하늘코스 주차장,중구,37.44685,126.48235,6,0,897.47,인천광역시 영종구 공항동로135번길 267 주차장 진입 후 건물 오른쪽
TDG00020,탑모텔(OCPP),강화군,37.7656082,126.4535386,2,2,879.03,인천광역시 강화군 송해면 강화대로 792 지상1층 후면 주차장
HY001083,인천 덕적면사무소,옹진군,37.2275001,126.1549778,1,1,865.69,인천광역시 옹진군 덕적면 덕적북로 31 면사무소 정면 좌측 지상주차장
ME24B149,덕적면사무소,옹진군,37.227776,126.145227,1,1,865.69,인천광역시 옹진군 덕적면 덕적북로 122-26
KP004585,선원면사무소,강화군,37.713178555,126.48489202,1,1,861.84,인천광역시 강화군 선원면 대문고개로 22
SF003412,CJ택배 인천강화 (완속충전기),강화군,37.706849486,126.49055967,6,6,861.84,인천광역시 강화군 선원면 연동로 245 CJ택배 인천강화 (완속충전기)
KP005187,송해면사무소,강화군,37.76433,126.46424,1,1,858.34,인천광역시 강화군 송해면 전망대로 29
PI320246,인천시 강화군 제제펜션,강화군,37.758473093,126.45787473,1,1,858.34,인천광역시 강화군 송해면 오류내길51번길 63 주차장
SO000082,원조선창집장어구이,강화군,37.72168028,126.51333992,1,1,853.48,인천광역시 강화군 선원면 해안동로 1199 원조선창집장어구이 식당 입구 오른쪽
EV015218,인천중구 덕교감리교회,중구,37.4392496,126.4164499,1,1,851.76,인천광역시 영종구 마시란로170번길 46 (덕교동) 교회앞 주차장
JA280069,인천 남동구 만의골 노상공영주차장,남동구,37.4572691,126.7730568,2,2,850.6,인천광역시 남동구 만의골로 168 만의골 노상공영주차장 지상 1층
KP005796,장수동 136 노상공영주차장,남동구,37.45,126.77,1,1,850.6,인천광역시 남동구 만의골로 168
PC000527,옥토끼우주센터(인천),강화군,37.6741428,126.487308,3,3,825.54,인천광역시 강화군 불은면 강화동로 403 지상 주차장
ME23B1C7,인천공항파출소,중구,37.4695092,126.4507804,1,1,809.41,인천광역시 영종구 흰바위로27번길 12 인천광역시 중구 흰바위로27번길 12
CU320012,인천대공원사업소(소래습지생태공원),남동구,37.4081039,126.746961,6,6,804.87,인천광역시 남동구 소래로154번길 77 공원주차장
EV008687,인천중구 대성목재공업,중구,37.483430094,126.60923853,4,4,798.59,인천광역시 제물포구 월미로 164 지상주차장 입구 4대
PI320050,인천시 강화군 자유공간모텔,강화군,37.72887647,126.4895499,2,2,795.31,인천광역시 강화군 선원면 중앙로 169 주차장
ST282416,한국도로공사 인천지사,계양구,37.542615,126.752845,3,3,766.27,인천광역시 계양구 경명대로 1322 지상주차장
HE240372,인천교통공사 운연차량사업소,남동구,37.4381097,126.7596794,1,1,763.24,인천광역시 남동구 운연동 162-1 출입구 오른쪽 주차장
NT102509,인천 마시안스테이,중구,37.42867,126.41851,1,0,760.04,인천광역시 영종구 마시란로 71 지상주차장(주차장입구 주차면)
ME183080,덕산국민여가캠핑장,강화군,37.7175253,126.3808179,1,1,758.35,인천광역시 강화군 내가면 고천리 산494
HM001291,인천대교,중구,37.470798193,126.51301026,3,3,751.01,인천광역시 영종구 인천대교고속도로 3
PI707159,인천영종우체국,중구,37.4769,126.5235,1,0,749.19,인천광역시 영종구 쪽빛하늘로 21
NT100476,인천 터미널물류단지,서구,37.5659447,126.6135196,6,6,744.06,인천광역시 검단구 뱃길1로 41
PI320249,인천시 강화군 편가명가영농조합법인,강화군,37.640954964,126.41967324,3,3,737.6,인천광역시 강화군 화도면 가능포로 89 주차장
EP320101,강화군 강남영상미디어고등학교,강화군,37.64167363,126.4791248,4,4,732.51,"인천광역시 강화군 길상면 강화남로 57 (온수리, 강남영상미디어고등학교)"
SOJWE014,노루목별장,강화군,37.65827926,126.33114656,1,1,722.07,인천광역시 강화군 삼산면 어류정길178번길 106-2 별장주차장
ICIA0070,클럽72 바다코스 제2주차장,중구,37.483769,126.4337589,16,0,708.48,인천광역시 영종구 공항동로 392 2주차장(서울)
SF000448,하늘문화센터 주차장,중구,37.488199,126.427988,3,2,708.48,인천광역시 영종구 영종해안북로 1000-26 하늘문화센터 주차장
ME22A333,남인천영업소,남동구,37.4327241,126.765047,2,2,704.55,인천광역시 남동구 운연동 443
SOSKQ160,글로리아치유교육연구원,강화군,37.72252038,126.4038364,1,1,687.58,인천광역시 강화군 내가면 고비고개로771번길 33-9 주차장
EP200304,인천 지구샵케미칼,강화군,37.7190692,126.4103156,2,0,687.58,인천광역시 강화군 내가면 고비고개로741번길 40 하늘그림펜션 구내주차장
HJ000257,한진인천컨테이너터미널,연수구,37.3453407,126.6271181,5,0,678.26,인천광역시 연수구 인천신항대로 777
ICIA0069,클럽72 바다코스 제1주차장,중구,37.482973,126.466524,2,0,676.45,인천광역시 영종구 공항동로 392 P1 장기주차장 진입 후 왼쪽 끝
PI320193,BMW드라이빙센터 차징스테이션,중구,37.461350656,126.48522579,72,72,668.12,"인천광역시 영종구 공항동로 136 입구 오른쪽 지상주차장, 트레이닝센터 주차장, 트레이닝센터 입구 왼쪽 장애인주차장 옆"
PI320238,인천시 중구 무의도스킨스쿠버,중구,37.391011587,126.42875602,2,2,664.86,인천광역시 영종구 대무의로301번길 13-31 주차장
EZ001845,강화모또모바베큐하우스,강화군,37.7953477,126.4003369,1,1,662.78,인천광역시 강화군 양사면 전망대로1400번길 37-5 주차장
ME25A236,신정체육시설,강화군,37.7299078,126.509409,2,2,660.05,인천광역시 강화군 선원면 신정리 700
CV001553,옹진군 장경리 해수욕장 주차장,옹진군,37.2782126,126.455764,2,2,659.81,"인천광역시 옹진군 영흥면 내리 1329-18 (내리, 장경리 해수욕장) 지상1층 주차장"
PI320271,인천시 중구 영종중학교,중구,37.483512065,126.52525287,1,1,648.45,인천광역시 영종구 남디로 92 옥외
CV004592,천주교인천교구묘원,서구,37.585938,126.690173,2,2,642.24,"인천광역시 검단구 드림로 472 (당하동, 하늘의문묘지)"
KL002571,유아교육원,서구,37.57778,126.67634,1,1,636.5,인천광역시 검단구 서곶로 670 씨어스_유아교육원
CV001310,인천해양환경체험학습장,강화군,37.623674,126.379897,1,1,632.25,인천광역시 강화군 화도면 해안남로 2463 인천해양환경체험학습장
ICIA0029,인천공항 화물청사역 주차장,중구,37.459616,126.477992,8,8,624.49,인천광역시 영종구 운서동 2844-4 주차장 초입
ICIA0062,인천공항 신불 관제송신소,중구,37.454931,126.481905,4,4,624.49,인천광역시 영종구 운서동 3245-3
EC003768,농업회사법인 강화마니,강화군,37.6356256,126.4146766,1,1,619.68,인천광역시 강화군 화도면 마니산로 750-21 농업회사법인 강화마니 사업장 외부 벽면
CU320090,중구복합커뮤니티센터,중구,37.4457109,126.411251,1,1,619.08,인천광역시 영종구 남북로6번길 75-1 중구복합커뮤니티센터
KL002645,주)선재해림,옹진군,37.25298,126.52716,3,3,617.75,인천광역시 옹진군 영흥면 선재로226번길 107-34 지상주차장
PIH01475,오히펜션,옹진군,37.275546,126.4862024,1,1,607.05,인천광역시 옹진군 영흥면 영흥북로 321-54 건물 현관옆 벽면 (지상주차장)
PL005478,한라시멘트인천,중구,37.4363903,126.6140892,2,0,606.23,인천광역시 제물포구 서해대로 79
ME25A429,내가면 외포리 공영주차장,강화군,37.7005427,126.383436,4,4,596.82,인천광역시 강화군 내가면 해안서로 855
PEEBS001,영종권역 버스공영차고지,중구,37.510326457,126.50236759,27,27,594.02,인천광역시 영종구 영종순환로877번길 29
ME24A249,인천환경공단 남항사업소,중구,37.4348027,126.6296132,2,2,590.41,인천광역시 제물포구 서해대로94번길 93
KP004710,영흥곰탕,옹진군,37.2538257,126.51359,1,1,589.28,인천광역시 옹진군 영흥면 선재로 340
PI320312,인천시 웅진군 선재낚시공원,옹진군,37.254232,126.520215,8,8,589.28,인천광역시 옹진군 영흥면 선재로306번길 77 건물 뒷편 신설 옥외주차장 입구
KE001167,슈피겐코리아 인천물류센터,서구,37.5593162,126.6147974,2,2,586.83,인천광역시 검단구 정서진로 51 슈피겐코리아 인천물류센터 지상 주차장
LU002083,풍림명품물산,중구,37.518686,126.503524,2,2,567.34,인천광역시 영종구 백운로 574 지상1층 주차장
ME22A331,갑곶돈대,강화군,37.7333378,126.5155285,2,2,561.05,인천광역시 강화군 강화읍 갑곳리 225-9
LU000182,영림목재,서구,37.515211,126.603798,3,0,559.29,인천광역시 서해구 북항배후로 1-20 영림목재
SF003243,중부발전 인천본부 (완속충전기),서구,37.511428227,126.60798067,5,5,559.29,인천광역시 서해구 중봉대로405번길 411 중부발전 인천본부 (완속충전기)
EZ000506,토가,강화군,37.6085187,126.4175499,1,1,555.67,인천광역시 강화군 화도면 해안남로 1912 화장실 부근
NT101393,강화 장엄사,강화군,37.606966314,126.41156511,1,1,555.67,인천광역시 강화군 화도면 해안남로 1962-19 지상주차장
ME19A169,영종 하늘문화센터,중구,37.495827059941,126.4728318398,1,1,555.16,인천광역시 영종구 영종해안북로 1000-26
EV000188,인천시설관리공단씨사이드파크,중구,37.481754,126.5658109,1,1,548.81,인천광역시 영종구 하늘달빛로2번길 6
EC280050,금호오션타워,남동구,37.3937609,126.6781396,6,6,542.03,인천광역시 남동구 능허대로 583 지하1층 08번기둥
EO000297,E1CT 전기차충전소,중구,37.441548,126.611827,2,2,539.98,인천광역시 제물포구 서해대로93번길 42 E1CT
LD280009,LGL 인천터미널,중구,37.441259,126.6179201,2,0,539.98,인천광역시 제물포구 서해대로 135 실외 주차장
ICIA0027,인천공항 인재개발원 주차장,중구,37.455178,126.386538,8,8,539.9,인천광역시 영종구 을왕동 835-2 주차장 진입 후 왼쪽
HU320003,케이지스틸,서구,37.4844792,126.6705007,7,7,537.04,인천광역시 서해구 백범로 789 케이지스틸 정문 우측 지상주차장 운동장 인근
ME23B162,초지진,강화군,37.6318212,126.5318499,1,1,530.95,인천광역시 강화군 길상면 초지리 1251-323
CU320013,인천대공원사업소(원적산공원),부평구,37.5130625,126.694146,5,5,522.91,인천광역시 부평구 산곡동 80-22 원적산공원 주차장
ST601000,남동농업협동조합,남동구,37.430028816,126.73412587,20,20,517.06,인천광역시 남동구 소래로 446 농협 복합충전소 내
PIH00220,웨스턴그레이스호텔,중구,37.4901845,126.5815054,4,4,516.33,"인천광역시 영종구 은하수로29번길 36 지하1층 3Kw 2기(A10, A11기둥), 지하2층 3kw 2기( B10, B11기둥)"
CI0L0009,영종스테이호텔,중구,37.4942524,126.5367788,1,1,515.9,인천광역시 영종구 운중로21번길 8 영종스테이호텔
EP220724,인천강화교육지원청 급속충전소,강화군,37.708114732,126.44922357,2,2,510.85,인천광역시 강화군 불은면 중앙로 607 주차장
PL005303,안양대학교 강화캠퍼스,강화군,37.7110033,126.444711,3,0,510.85,인천광역시 강화군 불은면 중앙로 602-14
ME19C262,지산입구(용진) 버스정류장 옆 주차장,강화군,37.714046,126.5121563,2,2,507.68,인천광역시 강화군 선원면 지산리 255-1
ME20A283,용진진주차장,강화군,37.7097745,126.51422041,2,2,507.68,인천광역시 강화군 선원면 지산리 216-6
ICIA0060,인천공항 주변전소C (A/S),중구,37.473861,126.426927,2,0,505.8,인천광역시 영종구 운서동 3233-73 직원 전용으로 일반인 사용불가
JA280044,(출입제한)대한항공 정비시설,중구,37.4783935,126.4275381,7,0,505.8,인천광역시 영종구 공항로 272 대한항공 정비시설
ME22B903,인천공항 졸음쉼터,서구,37.5691052,126.6622963,3,3,501.49,인천광역시 서해구 인천국제공항고속도로 24(검암동)
PW010856,소풍재,옹진군,37.266732580641,126.4483797511,2,0,498.81,인천광역시 옹진군 영흥면 영흥로757번길 182
PI645170,인천시 강화군 강화웰빙CC,강화군,37.603719,126.51452,5,5,498.75,인천광역시 강화군 길상면 해안남로 392 5(클럽하우스 위쪽 지상1층)
PI714444,인천광역시경제자유구역청(글로벌파크),연수구,37.371259,126.666209,2,2,493.43,인천광역시 연수구 송도바이오대로240번길 12 (송도동)
BNBN0744,인천세관 통합검사장,연수구,37.422217,126.616525,6,6,486.53,인천광역시 연수구 인천타워대로599번길 67
LI000458,인천컨테이너터미널,중구,37.4406327,126.6018054,7,7,483.9,인천광역시 제물포구 축항대로118번길 135 인천컨테이너터미널
ST282607,현우산업(입주사 전용),서구,37.6001819,126.6142868,1,0,481.78,인천광역시 검단구 검단로 51 현우산업 현우산업 주차장(건물 외벽)
EV013567,인천중구 세인티엔엘,중구,37.4808398,126.4828516,2,2,481.12,인천광역시 영종구 자유무역로 25 (운서동) 세인티엔엘 지상 주차장
DO000007,SK 무의연수원,중구,37.399448,126.421375,2,0,479.53,인천광역시 영종구 대무의로 159 지상 주차장
AM900060,섬뜰아래캠핑장,중구,37.39612175,126.4248338,2,2,479.53,인천광역시 영종구 대무의로 229 주차장 지상1층 주차장
NS850203,인천 해넘이하우스펜션,강화군,37.60790232,126.39511,1,1,473.38,인천광역시 강화군 화도면 해안남로 2206-11 지상주차장
ME21C2A8,경인항 인천터미널 아라뱃길 충전소,서구,37.557878,126.608404,2,2,471.68,인천광역시 검단구 정서진1로 41
CV004157,영종대교휴게소,서구,37.553767,126.607044,4,4,471.68,"인천광역시 서해구 정서진남로 25 (청라동, 영종대교휴게소) 지상1층 주차장"
KE001499,인천해양경찰특공대,중구,37.5186579,126.4971045,2,2,471.37,인천광역시 영종구 영종해안북로1204번길 195 해양경찰학교 1층 지상주차장
KP004515,용유119소방안전센터,중구,37.44846583478,126.3939224456,1,1,470.23,인천광역시 영종구 을왕동 186-28
NS850061,인천 블루핸즈인천공항점(스카이네트웍스),중구,37.45216689,126.3913327,6,6,470.23,인천광역시 영종구 용유서로172번길 56 주차장
PC000760,명진컨벤션웨딩부페(인천),강화군,37.7307637,126.4752634,2,2,467.35,인천광역시 강화군 강화읍 충렬사로 138 지상 1층 주차장
CV000714,포르쉐 데스티네이션 호텔에버리치,강화군,37.734905,126.474296,2,2,467.35,인천광역시 강화군 강화읍 화성길50번길 43
ME20A1b4,교동면사무소,강화군,37.7841044,126.2828388,1,1,461.14,인천광역시 강화군 교동면 교동동로 485-13
PL031327,인천 신공항하이웨이,서구,37.5709939,126.6674553,3,0,459.87,인천광역시 서해구 봉수대로 1048 인천 신공항하이웨이 지상 1층 교통서비스센터 좌측 지상주차장
EP220401,하나은행 인천주안공단지점 급속충전소,서구,37.483009059,126.67628779,2,2,458.18,인천광역시 서해구 장고개로 192 구내주차장
HM110267,삼성바이오로직스 5공장,연수구,37.359592094,126.66158189,43,43,455.06,인천광역시 연수구 송도바이오대로 365 삼성바이오로직스 5공장 옥외주차장
EP200220,인천 ㈜문성,옹진군,37.2478226,126.524535,2,1,447.28,인천광역시 옹진군 영흥면 선재로 224 구내주차장
TDG00002,허밍커피 펜션,옹진군,37.244395,126.5271896,2,2,447.28,인천광역시 옹진군 영흥면 선재로 179 허밍커피 펜션 건물 앞 주차장
SOJWE002,강화바다펜션,강화군,37.6134744,126.3817861,1,1,445.16,인천광역시 강화군 화도면 해안남로 2355-7 주차장(관리동앞)
EZ100718,(주)환덕전자,서구,37.4927367,126.6535435,1,1,433.35,인천광역시 서해구 보도진로54번길 18 주차장
PC000983,인천항 국제여객터미널,연수구,37.4240553,126.6055742,20,20,431.13,인천광역시 연수구 국제항만대로326번길 57 지상주차장
PI320319,인천시 서구 청라로데오시티포레안,서구,37.5487753,126.6527017,25,0,430.12,"인천광역시 서해구 경중로 20 7,8,5,5(지상3층 북측주차장, 남측주차장 좌측, 남측주차장 우측, B1 H04기둥)"
ER280079,풍경소리,강화군,37.6110738,126.3915229,1,1,429.53,인천광역시 강화군 화도면 해안남로2246번길 20 건물 앞 지상1층 주차장
ME25A147,강화갯벌센터,강화군,37.6097915,126.3869315,1,1,429.53,인천광역시 강화군 화도면 여차리 917
EZ000834,(주)진솔인더스트리,서구,37.5185932,126.6306846,2,2,427.62,인천광역시 서해구 첨단기술로 67 (주)진솔인더스트리 노상주차장
LU002344,현대제철종합운동장,서구,37.518546,126.635523,3,3,427.62,인천광역시 서해구 파랑로 268 현대제철종합운동장 주차장
ICIA0015,인천공항 남측 화물터미널 1,중구,37.466396,126.474807,20,20,425.63,인천광역시 영종구 운서동 2842-29 국제우편물류센터 앞 주차장
EC280067,만석부두 공영주차장 (급),동구,37.4912146,126.6217913,2,2,420.31,인천광역시 제물포구 만석동 2-379
PW013436,엘아이지식산업센터 관리단,남동구,37.3891177,126.7007818,9,0,415.09,인천광역시 남동구 호구포로 50 지상9층 주차장 9대
PK000298,원창동차고지,서구,37.505218,126.631914,4,0,414.29,인천광역시 서해구 원창로 20 원창동차고지
ICIA0092,인천공항 탑승동 GSE 122 (A/S),중구,37.456386,126.44237,2,0,409.11,인천광역시 영종구 공항로 272 브릿지 하단
ICIA0091,인천공항 탑승동 GSE 112 (A/S),중구,37.458247,126.446363,2,0,409.11,인천광역시 영종구 공항로 272 브릿지 하단
GS000067,오일캠프주유소,중구,37.447646608,126.62659,2,2,406.47,인천광역시 제물포구 축항대로 282 오일캠프주유소
BNBN1309,인천웨딩홀 엘마리노 앳 인천,중구,37.448889147,126.62226728,5,5,406.47,인천광역시 제물포구 서해대로 227 앨마리노 앳 인천
SF000734,인천하늘고등학교,중구,37.495465712,126.50708029,2,1,403.07,인천광역시 영종구 영종대로277번길 117 인천하늘고등학교
ICIA0085,인천공항 T2 GSE 253 (A/S),중구,37.4678108,126.4374152,2,0,401.86,인천광역시 영종구 제2터미널대로 446 브릿지 하단
ME181106,송도골프,연수구,37.414739803,126.65126359,2,2,400.79,인천광역시 연수구 능허대로 236
SOEV1013,세라핌 팬션민박,옹진군,37.26855244,126.4903283,2,2,397.92,인천광역시 옹진군 영흥면 영흥서로16번길 139-11 세라핌 팬션 주차장(숙박시설 앞)
CU320085,옹진 가족돌봄 문화센터,옹진군,37.271152,126.49342,1,1,397.92,인천광역시 옹진군 영흥면 영흥북로 228 지상주차장
PI000802,인천시 중구청,중구,37.493633,126.5309952,3,3,396.26,인천광역시 영종구 운남서로 100-1 청사 뒷편주차장
ICIA0077,인천공항 소방대본부 주차장,중구,37.485185,126.445484,2,2,392.57,인천광역시 영종구 공항로 272 주차장 진입 후 오른쪽
EP320317,검단9초등학교,서구,37.61053329,126.6790178,1,1,380.6,인천광역시 검단구 검단로 707 인천광역시 서구 불로동 472-2
HM001266,(주) 세니온,서구,37.595239774,126.61950515,3,3,379.6,인천광역시 검단구 검단로114번길 13
HE000232,인천교통공사 오류주박기지,서구,37.5984807,126.6208828,1,0,379.6,"인천광역시 검단구 검단로 151 (오류동, 오류주박기지)"
CU320002,강나루풍천장어,강화군,37.619552,126.53395,2,2,377.88,인천광역시 강화군 길상면 해안남로 92-6 강나루풍천장어 입구 주차장
PI320060,인천시 강화군 크루즈모텔,강화군,37.62050583,126.5380603,2,2,377.88,인천광역시 강화군 길상면 해안남로117번길 29-26 주차장
EO000029,E1 인천개인택시 복지제3충전소 전기차충전소,남동구,37.431685,126.707689,8,8,377.54,인천광역시 남동구 남동대로 551 E1 LPG 충전소 내부에 위치
EC280162,계양공원 숲속교실,계양구,37.5463577,126.7123465,1,1,373.87,인천광역시 계양구 경명대로955번길 17
ME22C122,남청라영업소,서구,37.5152149,126.6207346,1,1,372.49,인천광역시 서해구 청라동 194-2
PL005302,창업벤처녹색융합클러스터,서구,37.5698085,126.6455084,9,0,371.06,인천광역시 검단구 정서진로 410
ME25A160,물환경관,서구,37.5684444,126.6416722,1,1,371.06,"인천광역시 검단구 환경로 42 (오류동,국립생물자원관)"
PI775182,BMW차징스테이션 오션포레베네스트하우스,중구,37.5249816,126.5069362,31,0,363.7,인천광역시 영종구 자연대로 667 지상1층 주차장
ST281101,CU미단유커타운점,중구,37.528062,126.505529,1,1,363.7,인천광역시 영종구 자연대로 701 CU미단유커타운점 지상주차장(건물 벽편)
ICIA0017,인천공항 남측 화물터미널 3,중구,37.461897,126.467267,18,18,358.77,인천광역시 영종구 운서동 2851-134 대한항공 카고 앞
LU100412,씨제이제일제당인천2공장,중구,37.43983441,126.6246297,5,5,355.2,인천광역시 제물포구 서해대로140번길 49 관리초소 앞 주차장
PI320063,인천시 강화군 장어마을,강화군,37.61002292,126.5202218,2,2,352.27,인천광역시 강화군 길상면 해안남로 298 주차장
PIH01310,호세요양원,강화군,37.674166,126.4779475,2,1,351.55,인천광역시 강화군 불은면 고려왕릉로 375 D동 1층 주차장입구
SF002824,경기도학생교육원 (완속충전기),강화군,37.677212517,126.47685293,1,1,351.55,인천광역시 강화군 불은면 고려왕릉로 419 경기도학생교육원 (완속충전기)
EZ000505,옛날에금잔디,강화군,37.7161209,126.3892378,1,1,350.65,인천광역시 강화군 내가면 강화서로225번길 18-1 농업전기 간이 전주 부근
KP004584,내기면사무소,강화군,37.719236955,126.38989996,1,1,350.65,인천광역시 강화군 내가면 강화서로 249
PI747020,BMW차징스테이션 이비스스타일앰배서더 by바바리안모터스,중구,37.481155003,126.42010631,4,4,347.48,인천광역시 영종구 제2터미널대로 340 입구 좌측편 지상주차장
ST600044,HD현대오일뱅크 서곶길충전소,서구,37.6094339,126.6442436,4,4,346.94,인천광역시 검단구 봉수대로 1539 지상 주차장
EP200218,인천 어르니펜션,옹진군,37.2712257,126.4481869,2,0,339.42,인천광역시 옹진군 영흥면 영흥로757번길 52 구내주차장
ME19Y258,선재어촌계,옹진군,37.232786,126.537299,2,2,332.5,인천광역시 옹진군 영흥면 선재로 5
ME25A123,E-share 강화군장애인복지관,강화군,37.7355122,126.4816011,1,1,331.79,인천광역시 강화군 강화읍 남산리 357-4
KP004582,화도면사무소,강화군,37.6320607,126.4200823,1,1,330.64,인천광역시 강화군 화도면 마니산로 703-14
ME25A157,월미공원역,중구,37.4762362,126.6061732,1,1,324.58,인천광역시 제물포구 월미로 482 (북성동1가)
PC000756,중식당 신(인천),강화군,37.6392785,126.4873655,1,1,323.13,인천광역시 강화군 길상면 온수길 66 지상 1층 주차장
PIS00399,인천 강화군 SSG퓨처스필드,강화군,37.6378225,126.4987421,3,0,319.18,인천광역시 강화군 길상면 길상로 242-30 주차장
EV013665,인천중구 백마종합물류O4O5,중구,37.4878821,126.4710609,2,2,318.97,인천광역시 영종구 자유무역로 254 경비실 옆 지상주차장
PI802844,CJ대한통운인천공항특송센터,중구,37.486357,126.474119,3,3,318.97,인천광역시 영종구 자유무역로 277 본관 건물 뒤 지상주차장
ER280108,꿈길속에펜션,강화군,37.5955488,126.4620335,1,1,313.87,인천광역시 강화군 화도면 해안남로 1374-5 건물 옆 지상1층주차장
ST601284,서경택시,서구,37.5006562,126.6601149,2,2,310.0,인천광역시 서해구 봉수대로 277번길 12 택시회사
NS850074,인천체육고등학교,서구,37.545925,126.6094511,3,3,308.13,인천광역시 서해구 로봇랜드로 473 주차장
EC280105,인천환경공단 공촌사업소 (급),서구,37.5453058,126.606051,4,4,308.13,인천광역시 서해구 청라동 5-1
BNBN1304,인천 남동구 고잔동 남동산단5호 공영주차장,남동구,37.3957508,126.6837319,2,2,307.63,인천광역시 남동구 고잔동 697-20 고잔동 697-21
PI320362,인천시 남동구 남동우리타운,남동구,37.3982304,126.6821765,2,2,307.63,인천광역시 남동구 남동서로53번길 38 지상1층 출입구옆
HM001791,인천아시아드주경기장 B주차장,서구,37.54907233,126.66518888,6,6,306.22,인천광역시 서해구 봉수대로 806 지상 B주차장
EV011550,인천미추홀 더리치타운2차,미추홀구,37.4358324,126.6798672,2,2,304.84,인천광역시 미추홀구 소성로294번길 41 주차장 출입구 좌측 기둥
MO281401,현대두산인프라코어,동구,37.4889673,126.6272146,11,0,301.67,인천광역시 제물포구 인중로 489 지상1층 외부 주차장
CV000662,인천항만공사,연수구,37.420644,126.603241,2,0,295.57,인천광역시 연수구 국제항만대로326번길 29 인천항만공사(일반인출입금지) 지상1층 주차장
KP005635,국제여객터미널_인천,연수구,37.42,126.6,1,1,295.57,인천광역시 연수구 국제항만대로326번길 57
CV001065,인천 서부교육지원청,서구,37.55238,126.687954,2,2,295.34,인천광역시 서해구 경명대로 713 인천서부교육지원청
LU003394,공촌경남아파트,서구,37.551095,126.685026,5,0,295.34,인천광역시 서해구 경명대로694번길 10 101동 뒤 지상주차장  103동 옆 지상주차장
TDG00001,주식회사 철물마트,서구,37.584693,126.661085,1,1,294.54,인천광역시 검단구 봉수대로 1213 철물마트
PI645198,인천시 서구 미래복지요양센터,서구,37.5840202,126.6643119,4,4,294.54,인천광역시 검단구 드림로 227 3주차장 지상1층
NT101218,인천 오덕프라자,서구,37.59421274,126.61231922,6,6,292.54,인천광역시 검단구 보듬5로 5 4F주차장
EC280049,검단지식산업센터,서구,37.5958671,126.6148993,18,18,292.54,"인천광역시 검단구 보듬로 158 정문지상주차장 01-09 , 후문 지상주차장 10-18"
EP200306,인천 천서리횟집,강화군,37.7010244,126.3766937,2,0,287.13,인천광역시 강화군 내가면 해안서로 917-1 구내주차장
PL005264,더위크앤리조트,중구,37.4511295,126.3711612,5,0,282.75,인천광역시 영종구 용유서로 379
CV001273,인천 교직원수련원(영종도),중구,37.4502083,126.3741414,1,1,282.75,인천광역시 영종구 용유서로 358 인천 교직원수련원
HU320015,주안스마트테크노타워,서구,37.4806258,126.6805198,6,6,282.22,인천광역시 서해구 백범로 681 스마트테크노타워 지상 9층 옥상주차장
ICIA0078,인천공항 동력동A 주차장,중구,37.44792,126.46137,2,0,281.89,인천광역시 영종구 운서동 2851-208 주차장 진입 후 오른쪽
PI320062,인천시 강화군 참맛있게식당,강화군,37.70179304,126.3735839,2,2,280.06,인천광역시 강화군 내가면 해안서로 949 주차장
EZ001837,별장펜션,강화군,37.7039442,126.3752456,1,1,280.06,인천광역시 강화군 내가면 해안서로918번길 9-21 주차장
ICIA0079,인천공항 제3배전변전소 주차장,중구,37.44149,126.4489,4,0,279.56,인천광역시 영종구 운서동 2851-54 주차장 진입 후 오른쪽
CV001274,인천 교직원수련원(선재도),옹진군,37.237359,126.534054,1,1,279.2,인천광역시 옹진군 영흥면 선재로34번길 197 인천 교직원수련원
CV001964,한국도로교통공단 인천운전면허시험장,남동구,37.3841423,126.7073781,9,9,278.64,"인천광역시 남동구 아암대로 1247 (고잔동, 인천운전면허시험장) 지상1층 정문 우측 주차장"
PK000356,송도차고지,연수구,37.36676,126.66584,31,0,271.81,인천광역시 연수구 송도바이오대로 277 (송도동) 송도차고지 차고지 안쪽
EZ001777,윈크린,서구,37.5896381,126.6444673,2,2,271.39,인천광역시 검단구 검단로326번길 35-47 입구 우측 주차면
KP003099,인천항 갑문홍보관,중구,37.4671121644,126.6041435721,1,1,268.56,인천광역시 제물포구 북성동1가 102-4
CV003957,국립인천해양박물관,중구,37.4705843,126.5968162,4,4,267.59,"인천광역시 제물포구 월미로 294 (북성동1가, 국립인천해양박물관) 지상1층 주차장"
TS287102,인천화개정원,강화군,37.781696,126.29241,19,19,265.76,인천광역시 강화군 교동면 교동동로471번길 6-58 인천화개정원
ME19A259,인천환경공단 가좌사업소,서구,37.4978561,126.64765399999,2,2,265.27,인천광역시 서해구 중봉대로211
ME24B209,인천환경공단 가좌사업소,서구,37.496672,126.645047,2,2,265.27,인천광역시 서해구 중봉대로211
PI320323,인천시 서구 엠파크허브,서구,37.4901456,126.6657353,14,14,262.72,"인천광역시 서해구 염곡로 52 6,5,4(지상2층 기둥C19, 지상1층 직원주차장2, 지상1층 상품차량입구)"
ICIA0065,인천공항 조업장비 정비시설A (A/S),중구,37.4766044,126.452908,2,0,261.56,인천광역시 영종구 운서동 2840-11 한국공항 정비고 앞
PIS00398,인천 중구 인천항동물류센터,중구,37.4541,126.6159,1,0,260.22,인천광역시 제물포구 축항대로165번길 20 옥외주차장
HY001787,현대모비스 부품사업소(인천),중구,37.453506,126.618746,1,0,260.22,인천광역시 제물포구 축항대로 195 정문 경비실 우측
ICIA0083,인천공항 주변전소A (A/S),중구,37.4786869,126.4515219,2,0,259.15,인천광역시 영종구 운서동 2864-52 주차장 진입 후 오른쪽
CI0L000F,카쇼,미추홀구,37.4532969,126.6650788,1,1,258.51,인천광역시 미추홀구 인주대로 255 카쇼
EZ300076,기업은행 남동사랑점 (공용),남동구,37.3977635,126.6890232,1,1,258.38,인천광역시 남동구 앵고개로 448
PI122318,인천시 남동구 삼천리기계,남동구,37.395704,126.690386,3,3,258.38,"인천광역시 남동구 남동대로 99 (고잔동) 1층 주차장 끝, 1주차장 3층"
ICIA0063,인천공항 T2 중수도시설 주차장 (A/S),중구,37.4879553,126.4121595,1,0,252.61,인천광역시 영종구 제2터미널대로 256 주차장 진입 후 왼쪽
MO910067,엔에스브이(NSV),남동구,37.393844,126.699894,3,1,252.3,인천광역시 남동구 앵고개로 547 엔에스브이(NSV) 지하 1층 주차장
ICIA0030,인천공항 지원단지 주차장,중구,37.481004,126.451891,14,14,252.0,인천광역시 영종구 공항동록 465번길 주차장 진입(우측) 후 오른쪽
ME25A426,길상공설운동장 주차장,강화군,37.6357132,126.4962825,4,4,251.82,인천광역시 강화군 길상면 온수리 605-20
ICIA0018,인천공항 북측 화물터미널(좌) 1,중구,37.468079,126.460632,12,12,246.95,인천광역시 영종구 운서동 2859-4 인천항공화물터미널 B동 북측주차장2
ICIA0021,인천공항 북측 화물터미널(우) 1,중구,37.470181,126.46155,14,14,246.95,인천광역시 영종구 운서동 3246-32 DHL 창고 앞
KE001531,인천강화경찰수련원,강화군,37.6240982,126.5346502,2,2,238.37,인천광역시 강화군 길상면 해안남로65번길 15 강화경찰수련원 지상 1층
ME20A1b5,불은면사무소,강화군,37.6864076,126.4796574,1,1,236.97,인천광역시 강화군 불은면 강화동로 562-3
PI645371,BMW차징스테이션 두운리카페,강화군,37.6864539,126.4769707,5,5,236.97,인천광역시 강화군 불은면 불은북로 36-8 카페 지상주차장
PI320287,인천시 중구 국제고등학교,중구,37.489713981,126.50941177,2,2,232.74,인천광역시 영종구 영종대로277번길 74-40 지상1층
ME18B188,온수리 공영 주차장,강화군,37.63936,126.49185,1,1,232.24,인천광역시 강화군 길상면 온수리 546-34
ICIA0076,인천공항 ICT센터 주차장,중구,37.48635,126.414986,2,2,232.13,인천광역시 영종구 운서동 3234-15 주차장 진입 후 오른쪽
IM000024,삼성바이오로직스 드림파크 어린이집,연수구,37.367429495,126.66288737,6,3,231.31,인천광역시 연수구 송도바이오대로 300 삼성바이오로직스 드림파크 어린이집 야외 주차장
ST601159,(주)을왕주유소,중구,37.4590226,126.3720625,4,4,230.96,인천광역시 영종구 을왕동 812-20 주유소
ME19A267,왕산 공영주차장,중구,37.456969724,126.37163066,2,2,230.96,인천광역시 영종구 을왕동 808-5
PC000708,아이지이 주식회사(인천),서구,37.5085846,126.6531336,2,2,229.61,인천광역시 서해구 중봉대로306번길 33 행정동 앞 지상주차장
PIH01724,마전양우내안애퍼스트힐아파트,서구,37.6115504,126.6699808,31,0,229.16,"인천광역시 검단구 검단로609번길 23 B2 정문램프앞 103동측 37기둥, 105동측 17번기둥 B1, 107동측후문램프앞 B1"
PI320379,인천시 중구 샤프도앤코코리아,중구,37.483594276,126.4522409,5,5,229.16,인천광역시 영종구 공항동로465번길 84 본관뒤 지상1층
ICIA0012,인천공항 T2 택시대기장,중구,37.486794,126.409702,20,0,225.89,인천광역시 영종구 운서동 3234-1 주차장 진입 후 오른쪽
ICIA0073,인천공항 T2 주차대행 주차장 2,중구,37.48513,126.40823,31,31,225.89,인천광역시 영종구 운서동 3233-53 주차장 진입 후 왼쪽
ME25A224,강화군 남부노인문화센터,강화군,37.6432001,126.487202,2,2,223.88,인천광역시 강화군 길상면 온수리 767
CU320028,월미공원사업소(월미2주차장),중구,37.4695126,126.599527,5,5,221.67,인천광역시 제물포구 월미로 374 인천 중구 북성동1가 1가 102-11 월미2주차장
EBIHS001,인천해사고등학교,중구,37.468233,126.601452,2,2,221.67,인천광역시 제물포구 월미로 338 인천해사고등학교
ICIA0024,인천공항 북측 화물터미널(우) 4,중구,37.47409,126.468448,20,20,221.63,인천광역시 영종구 운서동 3246-58 FedEx 창고 옆 / 북측화물터미널 입구 오른쪽
EZ001033,펜션썸,강화군,37.6021158,126.3993219,1,1,220.4,인천광역시 강화군 화도면 해안남로 2131 전주 부근
PI320055,인천시 강화군 저어새팬션,강화군,37.60145552,126.4016765,2,2,220.4,인천광역시 강화군 화도면 해안남로 2099 주차장
KP002074,마니산국민관광지,강화군,37.6324582684,126.4237957331,1,1,219.1,인천광역시 강화군 화도면 마니산로675번길 18
ME25A446,마니산 주차장,강화군,37.6344168,126.4241119,4,4,219.1,인천광역시 강화군 화도면 상방리 362-1
PW012819,도림벽산블루밍아파트입주자대표회의,남동구,37.421015692,126.72869223,5,0,215.47,인천광역시 남동구 도림로 8
NT101257,강화 경기장(강화아시아드BMX경기장),강화군,37.756343663,126.47073538,3,3,215.05,인천광역시 강화군 강화읍 강화대로 600 지상주차장(강화아시아드BMX경기장 주차면)
HY001582,인천 송도파크자이,연수구,37.409967,126.657724,26,0,213.96,"인천광역시 연수구 앵고개로104번길 22 지하1층 주차창-706동 앞(12기), 706동 옆(6기), 707동 앞(3기), 708동 앞(5기)"
ST600326,공항철도 계양역,계양구,37.5716094,126.7360234,5,5,212.08,인천광역시 계양구 다남로 24 주차장 출입구 옆
EC280113,계양역 공영주차장 (급),계양구,37.570542619,126.73801613,4,4,212.08,인천광역시 계양구 다남로 24
KP005184,갑곳 제1공영주차장,강화군,37.73644,126.50596,1,1,212.04,인천광역시 강화군 강화읍 강화대로 205
PI646003,인천시 남동구 삼포화학공업,남동구,37.3908132,126.696602,1,1,210.57,인천광역시 남동구 남동동로64번길 41 지상1층 정문 출하대기옆
IM000122,삼성바이오로직스 P4 주차타워 1,연수구,37.366102,126.660769,8,0,208.95,인천광역시 연수구 송도바이오대로 300 P4주차타워
EZ200265,JK루체스타/㈜원중기업,남동구,37.4152599,126.7048395,4,4,205.2,인천광역시 남동구 남동대로 353
GS000123,광역만석주유소,동구,37.4874435,126.622243,2,2,202.92,인천광역시 제물포구 인중로 441 GS칼텍스 광역만석주유소
EV013914,인천서구 사회복지법인 백세재단 청라백세마을,서구,37.5291094,126.6100343,3,3,202.01,인천광역시 서해구 로봇랜드로249번길 14 병원출입구 좌측 지상주차장
PK000150,더월드교통 송도버스 공영차고지,연수구,37.3712259,126.6379687,8,0,201.93,인천광역시 연수구 아카데미로51번길 42
PI320260,인천시 서구 북청라하우스토리,서구,37.5556412,126.6518274,10,0,201.34,"인천광역시 서해구 경서로31번길 15 지상1층 주출입구옆 5m(#011~#041), 103동 1-2라인앞 지하2층(#051~#091, 급속)"
EV014240,인천서구 수도권매립지관리공사 4,서구,37.57888898,126.64825507,5,5,199.23,인천광역시 검단구 자원순환로 170 승마장 지상주차장
LI000344,제물포교통,서구,37.5806574,126.6486462,5,0,199.23,인천광역시 검단구 거월로 39
PI751165,강화군농업기술센터,강화군,37.704168074,126.4364707,2,0,198.65,인천광역시 강화군 불은면 중앙로 742-2 강화군농업기술센터
KP005634,농업기술센터,강화군,37.7033,126.4345,1,1,198.65,인천광역시 강화군 불은면 중앙로 742-2
JA280060,인천 송도 셀트리온 제3공장,연수구,37.3729123,126.6388263,5,0,198.43,인천광역시 연수구 아카데미로51번길 20 셀트리온 제3공장
ICIA0087,인천공항 T2 GSE 248 (A/S),중구,37.4651526,126.4315562,2,0,195.08,인천광역시 영종구 제2터미널대로 446 브릿지 하단
ICIA0086,인천공항 T2 GSE 231 (A/S),중구,37.4659129,126.4335451,2,0,195.08,인천광역시 영종구 제2터미널대로 446 브릿지 하단
ME19Y259,장경리주차장,옹진군,37.272469,126.453835,2,2,192.26,인천광역시 옹진군 영흥면 영흥로 723
KP003739,장경리공영주차장,옹진군,37.2725,126.451667,1,1,192.26,인천광역시 옹진군 영흥면 영흥로 741 주차장
CA000104,화개정원 제2공영주차장,강화군,37.783473247,126.2903871,2,2,190.15,인천광역시 강화군 교동면 교동동로471번길 6-62 공영주차장
KP005186,화개산 공영주차장,강화군,37.78381,126.28827,1,1,190.15,인천광역시 강화군 교동면 교동동로471번길 20-48
NT101206,송도 하나요양병원,미추홀구,37.43989893,126.63559689,1,1,189.12,인천광역시 미추홀구 아암대로253번길 36 지상주차장(장례원입구 맞은편 주차면)
KP002555,용유동사무소,중구,37.4439014672,126.4024362227,1,1,186.17,인천광역시 영종구 마시란로 308-13
CU320021,인천로봇랜드,서구,37.5197183,126.610932,9,9,184.05,인천광역시 서해구 로봇랜드로 155-11 인천로봇랜드
KL002813,씨어스_인천테크노파크로봇RD센터,서구,37.52134,126.61137,1,0,184.05,인천광역시 서해구 청라동 100-51 로봇랜드 로봇연구소 주차장
PI320332,인천시 강화군 금풍플라자,강화군,37.637390347,126.49431412,2,2,177.79,인천광역시 강화군 길상면 길상로 294 건물전면 진입로 우측 주차공간
EO000200,강화남부농협,강화군,37.6389895,126.4944405,2,2,177.79,인천광역시 강화군 길상면 길상로 298 (온수리592-27)
EV016066,인천강화 강화현대아파트,강화군,37.737902,126.5075096,4,0,175.58,인천광역시 강화군 강화읍 강화대로 191-14 (강화현대아파트) 102동 지상주차장
ME25A113,강화읍 갑곳 제1공영주차장,강화군,37.7393849,126.5068141,1,1,175.58,인천광역시 강화군 강화읍 갑곳리 643
PI752385,일신풍림아파트B,부평구,37.482139668,126.74459158,7,0,171.85,"인천광역시 부평구 일신로14번길 23 (일신동, 일신풍림아파트) 104동 B2층 바로 좌회전/좌회전_3M_벽면, B2층 106동 우측 중간부분 벽면(휀룸 옆), B2층 109동 휀룸 옆"
PL000815,유영아파트,서구,37.4844748,126.6885,3,0,170.82,인천광역시 서해구 여우재로75번길 3
UN000128,강화도 원두막가든(7kW),강화군,37.6337254,126.4921712,1,1,170.73,인천광역시 강화군 길상면 전등사로 60 지상주차장
ST600329,공항철도 영종역,중구,37.511900172,126.52252347,4,4,170.6,인천광역시 영종구 백운로414번길 75 좌측 주차장 좌측 주차장 진입 후 좌측 끝
PI320061,인천시 강화군 베이사이드카페,강화군,37.70503709,126.3662764,2,2,166.69,인천광역시 강화군 내가면 해안서로 1027 주차장
ME21B1D3,강화군국민체육센터,강화군,37.7538053,126.4698464,1,1,166.15,인천광역시 강화군 강화읍 강화대로 591
ME19A263,월미도 공영주차장,중구,37.475313602,126.60174262,2,2,165.11,인천광역시 제물포구 반달로 20
CU320027,월미공원사업소(월미1주차장),중구,37.4766588,126.602541,5,5,165.11,인천광역시 제물포구 월미로 131-50 월미1주차장
ME25A139,양사면 교산리 공영주차장,강화군,37.798412,126.4067982,1,1,164.77,인천광역시 강화군 양사면 전망대로 1392
ME20A1b8,양사면사무소,강화군,37.79818044,126.40864674,1,1,164.77,인천광역시 강화군 양사면 전망대로 1391
ME25A427,길상면 온수리 공영주차장,강화군,37.6352132,126.4916778,4,4,160.92,인천광역시 강화군 길상면 온수리 622-33
PC000755,장원 가경 (인천),강화군,37.6352037,126.4935015,2,2,160.92,인천광역시 강화군 길상면 전등사로 76-4 1층 옥외 주차장
KP000264,강화지사,강화군,37.742941,126.497996,3,2,160.79,인천광역시 강화군 강화읍 강화대로 278
ST287103,현대자동차 블루핸즈 강화점,강화군,37.7414919,126.4979896,1,1,160.79,인천광역시 강화군 강화읍 강화대로 286-1 전기차 충전소
PC000984,인천항 크루즈터미널,연수구,37.4251516,126.5916724,2,2,150.03,인천광역시 연수구 국제항만대로 438 지상주차장
KP003107,인천항 크루즈터미널,연수구,37.426484168,126.59138429364,2,2,150.03,인천광역시 연수구 송도동
PI320247,인천시 강화군 지베르니펜션,강화군,37.705056268,126.36968552,1,1,149.89,인천광역시 강화군 내가면 해안서로 990-14 주차장
PI730492,바다가보이는사이판모텔,강화군,37.7045999,126.3680853,1,1,149.89,인천광역시 강화군 내가면 해안서로 1011 바다가보이는사이판모텔 건물 옆 콘테이너 앞 지상 주차장
PI320345,인천시 중구 영종국제물류고등학교,중구,37.4900632,126.531131,1,1,144.5,인천광역시 영종구 운남서로10번길 1 지상1층
KP001430,문학호산 아파트,미추홀구,37.4372198264,126.6828412964,1,0,143.86,인천광역시 남구 문학동 소성로318번길 5
EC000840,블루핸즈 남동서비스,남동구,37.3905952,126.7131512,1,1,141.17,인천광역시 남동구 논현고잔로88번길 16 주식회사 남동서비스
PIS00388,인천 남동구 남동스마트NIC복합물류센터,남동구,37.3903,126.7116,4,4,141.17,인천광역시 남동구 논현고잔로 87 주차장
EV005995,인천남동 도림아이파크2,남동구,37.422541854,126.73019807,4,4,140.14,인천광역시 남동구 도리미로 8 104~105동사이 지하주차장 E23기둥열
LI000321,선광신컨테이너터미널(SNCT),연수구,37.34713,126.63444,15,0,136.8,인천광역시 연수구 인천신항대로 707 선광신컨테이너터미널(SNCT) 터미널 입구 우측 안쪽 정비동 인근
KE000214,인천남동서창꿈에그린,남동구,37.4303931,126.7576397,3,3,135.63,"인천광역시 남동구 운연천로 11 지하주차장(전기실 앞 ) B1F 56번 기둥 좌,우측"
KP006830,복지근린공원,남동구,37.3938961,126.6970446,2,1,135.37,인천 남동구 고잔동 721-1
LU001205,농협경제지주축산물가공사업소,중구,37.460224,126.600874,1,0,134.85,인천광역시 제물포구 축항대로22번길 6
JA280059,인천 중구 서해5도 특별경비단,중구,37.4614377,126.6009544,4,4,134.85,인천광역시 제물포구 축항대로 10 서해5도 특별경비단
PI320065,인천시 강화군 큐티팬션,강화군,37.61730806,126.383273,2,2,134.57,인천광역시 강화군 화도면 해안남로 2394 주차장
PI320245,인천시 강화군 낙조가보이는펜션,강화군,37.618401273,126.38261292,1,1,134.57,인천광역시 강화군 화도면 해안남로 2408 주차장
EC280149,월미도 공영주차장,중구,37.4751418,126.5986176,2,2,134.17,인천광역시 제물포구 월미로234번길 7 월미도 공영주차
PI320248,인천시 강화군 산들펜션,강화군,37.66174566,126.52484668,1,1,133.27,인천광역시 강화군 불은면 해안동로 436-8 주차장
EZ210041,만석비치타운주공아파트 입주자대표회의,동구,37.4851371,126.6211773,20,20,132.79,인천광역시 제물포구 화도진로 187
EC280057,인천중구국민체육센터 (급),중구,37.4401197,126.6293422,6,6,132.76,인천광역시 제물포구 축항대로296번길 81
EV013658,인천중구 엔프라니주식회사,중구,37.4410229,126.6283579,3,3,132.76,인천광역시 제물포구 축항대로296번길 88 본관 지상주차장
BSBS0001,보스시큐리티사옥,미추홀구,37.438288,126.683763,2,2,130.27,인천광역시 미추홀구 매소홀로 556 보스빌딩 1층 주차장
ME19A264,인천환경공단 운북사업소,중구,37.51371730587,126.497041025,2,2,129.89,인천광역시 영종구 영종해안북로 1204번길 105
LU000058,출입국 외국인 지원센터,중구,37.514491,126.498144,4,0,129.89,인천광역시 영종구 영종해안북로1204번길 123
PI320255,인천시 옹진군 갤러리스파펜션,옹진군,37.234883476,126.53461961,1,1,128.99,인천광역시 옹진군 영흥면 선재로 38-47 지상주차장
PI320240,인천시 옹진군 빠체펜션,옹진군,37.23391011,126.53382449,1,1,128.99,인천광역시 옹진군 영흥면 선재로 38-19 주차장
CV001381,일신주공아파트,부평구,37.482832,126.740033,3,3,128.77,인천광역시 부평구 항동로75번길 11 일신주공아파트 지하주차장
SF002133,인천광역시교육연수원,중구,37.492276099,126.50963791,4,4,127.14,인천광역시 영종구 영종대로277번길 74-60 인천광역시교육연수원
PI690034,BMW차징스테이션 인천 조탕 by바바리안모터스,중구,37.4443388,126.4044679,4,4,126.0,인천광역시 영종구 용유서로 30
PI748124,BMW차징스테이션 베토벤하우스 by바바리안모터스,중구,37.4432489,126.4048677,2,2,126.0,인천광역시 영종구 용유서로2번길 11 건물 입구 장애인주차장 옆
HM100130,청라 더리브 티아모,서구,37.5227615,126.6504653,10,10,125.69,인천광역시 서해구 중봉대로 490 청라 더리브 티아모 지상3층/2층/지하1층/지하2층
LU002256,그린리소스,서구,37.522623,126.651877,2,0,125.69,인천광역시 서해구 파랑로 470 지상 1층 주차장
ICIA0023,인천공항 북측 화물터미널(우) 3,중구,37.473022,126.46633,13,13,123.7,인천광역시 영종구 운서동 3246-39 FedEx 창고 앞
ICIA0020,인천공항 북측 화물터미널(좌) 3,중구,37.472113,126.46714,14,14,123.7,인천광역시 영종구 운서동 2859-31 인천항공화물터미널 B동 북측주차장4
UN000244,인천 도림초등학교(11kW),남동구,37.4193738,126.7317467,1,0,122.99,인천광역시 남동구 논고개로334번길 21 지상주차장
ICIA0075,인천공항 공항경비대본부 주차장,중구,37.48221,126.454306,4,0,122.97,인천광역시 영종구 공항동로2길 45-20 주차장 진입 후 오른쪽
ICIA0081,인천공항 AICC (A/S) 2,중구,37.4812331,126.4549629,4,0,122.97,인천광역시 영종구 운서동 2858-4 A구역
ICIA0022,인천공항 북측 화물터미널(우) 2,중구,37.472081,126.464638,12,12,121.93,인천광역시 영종구 운서동 3246-38 AACT 창고 앞
ME20A1b3,강화읍 갑곳 공영주차장,강화군,37.7421874,126.5054591,1,1,121.18,인천광역시 강화군 강화읍 갑곳리 462-3
KP004079,남촌농산물도매시장 전기차충전소,남동구,37.424166,126.718548,4,4,120.6,인천광역시 남동구 비류대로 763
NUNUROM6,인천광역시남촌농축산물도매시장,남동구,37.423305,126.71938,51,51,120.6,인천광역시 남동구 비류대로 763 업무동 앞
JA280089,인천시 영종역 제2공영주차장,중구,37.5100066,126.522725,10,10,119.11,인천광역시 영종구 운북동 477-5 지상 1층
PI320242,인천시 옹진군 클로버펜션,옹진군,37.247081998,126.48132084,1,1,119.02,인천광역시 옹진군 영흥면 영흥남로9번길 143-13 지상주차장
KL001187,해변에서펜션,옹진군,37.246623,126.480108,1,0,119.02,인천광역시 옹진군 영흥면 영흥남로9번길 171 해변에서펜션 정문주차장
NT100330,송도파크레인동일하이빌,연수구,37.4067059,126.6573593,10,0,117.82,인천광역시 연수구 능허대로 343 지하2층 주차장 C29~C31기둥
PC000758,강화섬쌀밥집(인천),강화군,37.6258436,126.5330754,2,2,115.37,인천광역시 강화군 길상면 해안남로 17 지상 1층 주차장
PWE06596,하나금융티아이빌딩,서구,37.556101065,126.62873154,12,0,115.29,인천광역시 서해구 에코로 167 지하주차장
KE001740,인천남동서창엘에이치14단지 1403동,남동구,37.4283506,126.7576261,6,0,113.99,인천광역시 남동구 운연천로 9 인천서창엘에이치14단지 1403동 옆 10m 지상주차장 6기
KE001739,인천남동서창엘에이치14단지 1401동,남동구,37.4281844,126.7588975,5,0,113.99,인천광역시 남동구 운연천로 9 인천서창엘에이치14단지 1401동 옆 10m 지상주차장 5기
HD000084,을왕리 해수욕장 E-pit,중구,37.44475944,126.3760481,2,2,111.44,인천광역시 영종구 용유서로 297-3 을왕리공영주차장
SOSKQ146,을왕낚시,중구,37.44573495,126.37574825,1,1,111.44,인천광역시 영종구 용유서로304번길 3 마트앞
ICIA0014,인천공항 제2합동청사 B동 동편,중구,37.470828,126.432535,24,24,111.22,인천광역시 영종구 제2터미널대로 444 제2합동청사 지상 내부 주차장(우측)
ICIA0013,인천공항 제2합동청사 B동 서편,중구,37.470286,126.431477,24,24,111.22,인천광역시 영종구 제2터미널대로 444 제2합동청사 지상 내부 주차장(좌측)
PI772882,태평샹베르1차아파트,서구,37.5600659,126.6532357,24,0,111.01,"인천광역시 서해구 도요지로 15 101동, 106동, 107동 앞 지상주차장"
KL001941,송도파크레인동일하이빌,연수구,37.4080386,126.6577402,5,5,110.35,인천광역시 연수구 능허대로 343 1008동 B1
JA280078,송도파크레인 동일하이빌,연수구,37.407251,126.6585017,15,0,110.35,인천광역시 연수구 능허대로 343 지하 2층 주차장 지하 2층 주차장 기둥번호 C02
NS850138,강화 온수주차장 급속100,강화군,37.63206836,126.48459,2,2,109.52,인천광역시 강화군 길상면 전등사로 53-8 지상주차장
CPCP1053,전등사,강화군,37.633,126.485,1,1,109.52,인천광역시 강화군 길상면 전등사로 37-41
PL032714,영종베르힐 스카이시티,중구,37.4799451,126.5310623,87,0,106.2,인천광역시 영종구 찬들로 141 영종베르힐 스카이시티 지상 1층 110동 램프옆
JA280091,영종복합문화센터,중구,37.4805286,126.5320144,6,6,106.2,인천광역시 영종구 찬들로 151 지상1층 주차장
JA280101,성산여객 본사차고지,부평구,37.518270729,126.69004232,12,1,105.59,인천광역시 부평구 세월천로 199
EP200316,인천 향유,강화군,37.6628316,126.5254922,2,0,104.47,인천광역시 강화군 불은면 해안동로 458 구내주차장
ME25A231,광성보주차장,강화군,37.6636638,126.5260463,2,2,104.47,인천광역시 강화군 불은면 해안동로466번길 8-19
KP004583,동막해변공영주차장,강화군,37.594461271,126.45566274,1,1,102.02,인천광역시 강화군 화도면 해안남로 1512
ME25A143,화도면 동막해변 공영주차장,강화군,37.5951605,126.4564131,1,1,102.02,인천광역시 강화군 화도면 동막리 60-1
EV013666,인천중구 백마종합물류G6,중구,37.481981,126.4753264,2,2,101.95,인천광역시 영종구 공항동로296번길 97-49 백마종합물류 지상주차장
ICIA0059,인천공항 물류단지 공원주차장,중구,37.48258,126.474452,4,4,101.95,인천광역시 영종구 운서동 3177-3
EASCLIC1,삼천리 인천본부,미추홀구,37.44140211,126.6366048,5,5,101.85,인천광역시 미추홀구 아암대로227번길 70-52
ME20A1c3,한국교통안전공단 인천자동차검사소,미추홀구,37.4410511,126.6376686,1,1,101.85,인천광역시 미추홀구 아암대로 253번길 81
EP320506,인천 문학정보고등학교,미추홀구,37.43574793,126.68696,2,2,98.88,"인천광역시 미추홀구 소성로350번길 29 (문학동, 문학정보고등학교)"
EV000178,인천미추홀 문학동행정복지센터,미추홀구,37.4376292,126.6849819,1,1,97.93,인천광역시 미추홀구 소성로 339 입구 우측
ST601180,HD현대오일뱅크 문학현대셀프주유소,미추홀구,37.4382328,126.6857896,2,2,97.93,인천광역시 미추홀구 매소홀로 574 주유소
ME25A112,강화읍 갑곳 공영주차장,강화군,37.7425329,126.5041544,1,1,92.4,인천광역시 강화군 강화읍 갑곳리 470-7
ME25A142,동막해변 제1공영주차장(노외),강화군,37.5943318,126.4588242,1,1,92.39,인천광역시 강화군 화도면 동막리 18
ME25A144,동막해변 노상주차장,강화군,37.5939559,126.4578905,1,1,92.39,인천광역시 강화군 화도면 동막리 8-1
RS000001,신화여객,서구,37.51763,126.658289,16,16,91.6,인천광역시 서해구 원창로 90 주차장
NT000153,인천 그린모터스,서구,37.50445,126.6241,1,1,88.04,인천광역시 서해구 원석로196번길 22 / 2층 출입구 좌측 벽면
LI000091,한익스프레스,서구,37.5037937,126.6235402,2,0,88.04,인천광역시 서해구 북항로245번길 13-22 한익스프레스
ST281103,로지스제이,중구,37.5178956,126.5430871,4,0,86.65,인천광역시 영종구 영종순환로339번길 9-12 로지스제이 주차장(건물 외벽- 회색&주황색 컨테이너 건물) 오른쪽 건물 옆쪽 뒤쪽
NNEVN003,CJ대한통운 영종SUB,중구,37.5179814,126.5440616,10,0,86.65,인천광역시 영종구 중산동 1850-360 CJ대한통운 영종SUB
LU001258,만석비치타운,동구,37.484267,126.620146,12,0,84.31,인천광역시 제물포구 화도진로 187 103동 옥외주차장  102동 옥외주차장
ME25A125,길상면 주민복합센터,강화군,37.6424719,126.4895685,1,1,83.8,인천광역시 강화군 길상면 마니산로 21
KP003103,온수리 제1공영주차장,강화군,37.6417441301,126.4893144615,1,1,83.8,인천광역시 강화군 길상면 온수리 480-7
PI690035,BMW차징스테이션 메이드림 by바바리안모터스,중구,37.463436,126.3702484,4,4,82.77,인천광역시 영종구 용유서로479번길 42
NS850046,을왕리 추리븐 급속충전소,중구,37.4639729,126.3695987,2,2,82.77,인천광역시 영종구 용유서로479번길 42 1층
ME18B298,십리포해수욕장 주차장,옹진군,37.28163,126.48604,2,2,80.62,인천광역시 옹진군 영흥면 영흥북로 382
KRC10231,코스테이,연수구,37.373917,126.636684,2,2,77.54,인천광역시 연수구 하모니로 271 코스테이
LU001809,다이후쿠코리아본사,연수구,37.373259,126.636389,2,0,77.54,인천광역시 연수구 하모니로275번길 8 1층 주차장
CPCT0024,LSG스카이셰프코리아,중구,37.4829,126.4498,3,3,77.16,인천광역시 영종구 공항동로465번길 108
EV014314,인천연수 선광신컨테이너터미널 1,연수구,37.3469145,126.6359607,6,6,75.19,인천광역시 연수구 인천신항대로 707 지상주차장 도로측 출입구 우측 6기(스탠드)
CI0L0002,십리포 힐링 카라반,옹진군,37.2810116,126.4865174,1,1,73.53,"인천광역시 옹진군 영흥면 영흥북로 376 1층, 십리포 힐링 카라반"
HRA00055,부띠끄펜션 빠세꼼뽀제,옹진군,37.28124,126.487296,2,2,73.53,인천광역시 옹진군 영흥면 영흥북로 374-24
EV002937,인천강화 아이비모텔,강화군,37.737367199108,126.5116821355,1,0,73.36,인천광역시 강화군 강화읍 강화대로 153 정문오른쪽
ME20A1b1,강화군시설관리공단,강화군,37.7379917,126.5119556,1,1,73.36,인천광역시 강화군 강화읍 용정리 1074-4
PI320276,인천시 미추홀구 문학박태환수영장,미추홀구,37.4365452,126.6864606,3,3,72.31,인천광역시 미추홀구 매소홀로 618 지상주차장
CU320087,인천선수단숙소,미추홀구,37.437107,126.686875,1,1,72.31,인천광역시 미추홀구 소성로 360 인천시청선수촌
ME25A318,강화공설운동장 제2주차장,강화군,37.7467082,126.4724701,3,3,70.56,인천광역시 강화군 강화읍 국화리 224-4
ICIA0080,인천공항 기내식시설B 부설주차장,중구,37.482954,126.44893,5,5,70.27,인천광역시 영종구 공항동로 465번길 108 주차장 진입 후 오른쪽
ICIA0066,인천공항 기내식시설A 부설주차장,중구,37.482375,126.448608,22,0,70.27,인천광역시 영종구 공항동로465번길 130 주차장 진입 후 왼쪽
PC000761,강화초지인삼센터(인천),강화군,37.6271345,126.5330646,2,2,69.42,인천광역시 강화군 길상면 초지로 151 지상 1층 주차장
PI320056,인천시 강화군 엔모텔,강화군,37.62675948,126.5336943,2,2,69.42,인천광역시 강화군 길상면 해안남로 13-21 주차장
ST600328,공항철도 청라국제도시역,서구,37.5553076,126.6269028,4,4,69.17,인천광역시 서해구 에코로 151 주차장 입구 앞
JA280010,(출입제한)하나금융그룹 통합데이터센터,서구,37.55565649,126.62755177,12,0,69.17,인천광역시 서해구 에코로 167 하나금융그룹 통합데이터센터 지상 1층
HRA00019,엘리야리조트풀빌라,강화군,37.636496,126.385519,2,2,68.91,인천광역시 강화군 화도면 해안남로 2782-22
CI0L0008,태양의해변,강화군,37.6361662,126.3861807,1,1,68.91,인천광역시 강화군 화도면 해안남로 2782-26 태양의해변
EV008328,인천연수 한가람빌딩,연수구,37.412394757,126.6562875,1,1,65.95,인천광역시 연수구 앵고개로 96 지하1층 주차장
EV012277,인천연수 태수주차장,연수구,37.4118668,126.6559451,1,0,65.95,인천광역시 연수구 능허대로 289번길 11 지상2층 벽부형
PK000430,마니교통 청라동차고지,서구,37.51353,126.62438,8,0,64.59,인천광역시 서해구 파랑로 105(청라동) 마니청라차고지
HE000582,인천대공원사업소 정문,남동구,37.459216,126.750769,1,1,63.75,"인천광역시 남동구 무네미로 238 (장수동, 인천대공원)"
ME22A606,인천대공원사업소 충전소,남동구,37.4588255,126.7502402,4,4,63.75,인천광역시 남동구 무네미로 238
ME25A433,민머루해수욕장 공영주차장,강화군,37.6520484,126.3335076,4,4,62.69,인천광역시 강화군 삼산면 매음리 872
CI0L000B,바닷가하얀집펜션,강화군,37.6518374,126.3341668,1,1,62.69,인천광역시 강화군 삼산면 매음리 873-1
JA280102,성산여객 연안차고지,중구,37.444989505,126.60155467,2,1,59.04,인천광역시 제물포구 축항대로86번길 135
ME20A1b6,삼산면사무소,강화군,37.7051506,126.3198067,1,1,58.88,인천광역시 강화군 삼산면 석모리 238
ME25A134,삼산면 주민자치센터,강화군,37.7055587,126.3202336,1,1,58.88,인천광역시 강화군 삼산면 석모리 1541
NT100064,인천 베어즈베스트청라GC,서구,37.548656,126.635928,4,4,55.72,인천광역시 서해구 청라대로316번길 45 베어즈베스트청라GC B1 주차장
JA280019,베어즈베스트청라골프클럽 연습장주차장,서구,37.5486275,126.6365577,3,3,55.72,인천광역시 서해구 청라대로316번길 45 베어즈베스트청라골프클럽 연습장주차장
KP005423,영종역 공영주차장,중구,37.511,126.5243,1,1,54.84,인천광역시 영종구 백운로414번길 75
ME25A117,강화공설운동장 제1주차장,강화군,37.7472598,126.4728685,1,1,49.86,인천광역시 강화군 강화읍 국화리 224-1
KE000173,인천중구영종자이107동,중구,37.4887734,126.5313574,3,3,48.9,"인천광역시 영종구 운남서로 7 지하주차장(107동 ) 지하2층 A20 기둥좌,우측"
KE000172,인천중구영종자이102동,중구,37.4883372,126.5314362,3,3,46.47,인천광역시 영종구 운남서로 7 지하1층주차장 B12기둥 우측
JA280018,베어즈베스트청라골프클럽 지하주차장,서구,37.54457473,126.63345709,6,6,46.06,인천광역시 서해구 청라대로316번길 45 베어즈베스트청라골프클럽 지하주차장
JA280017,베어즈베스트청라골프클럽 지상주차장,서구,37.54452678,126.63397501,3,3,46.06,인천광역시 서해구 청라대로316번길 45 베어즈베스트청라골프클럽 지상주차장 지상 1층 본관 입구 기준 좌측 주차장
HE001121,인천공항 화물터미널 주차장(북측),중구,37.471163,126.465396,4,4,45.99,인천광역시 영종구 공항동로295번길 77-11 북측주차장
LU004182,우정에쉐르,서구,37.5610088,126.65281547,2,0,44.48,인천광역시 서해구 경서로 99 지상1층 주차장
ST282618,공성교통(운수사 전용),서구,37.4967302,126.6520651,4,4,44.47,인천광역시 서해구 중봉대로198번길 34 실외 주차장 진입 후 좌측 끝
ST601287,풍진기업,서구,37.4964563,126.6516978,2,2,44.47,인천광역시 서해구 중봉대로 198번길 30 택시회사
PIS00385,인천 중구 와이지원항공화물창고,중구,37.4791,126.4775,1,1,42.79,인천광역시 영종구 공항동로296번길 69 지상 정문 옆
ME18B194,인천공항물류단지 행정지원센터,중구,37.479452511,126.47769637,1,1,42.79,인천광역시 영종구 공항동로 296번길 69
LI000343,항동7가차고지,중구,37.4452925,126.601006,3,0,42.63,인천광역시 제물포구 축항대로86번길 129
LI280099,항동7가차고지,중구,37.4455791,126.601327,2,0,42.63,인천광역시 제물포구 항동 7가 73
ICIA0008,인천공항 물류단지 행정지원센터 2,중구,37.47929,126.477066,8,8,40.97,인천광역시 영종구 운서동 3167-1 주차장 진입 후 오른쪽
ICIA0082,인천공항 물류단지 행정지원센터 3,중구,37.479586,126.476789,14,14,40.97,인천광역시 영종구 운서동 3167-9 주차장 진입 후 왼쪽
EV013502,인천중구 인스파이어 옥외주차장 2,중구,37.464667531,126.38596685,9,9,40.1,인천광역시 영종구 공항문화로 127 (운서동) 실외A주차장 뒤쪽 완속 9기
EV013504,인천중구 인스파이어 옥외주차장 1,중구,37.464541346,126.38639176,18,18,40.1,인천광역시 영종구 공항문화로 127 (운서동) 실외A주차장 뒤쪽 완속 18기
ICIA0050,인천공항 T2 장기주차빌딩 (P2) 2F,중구,37.483966,126.414164,10,10,39.39,인천광역시 영종구 제2터미널대로 332 P2장기주차빌딩 2층 429번 기둥
LU004207,남동영흥화력사택,옹진군,37.249944,126.454689,6,0,36.68,인천광역시 옹진군 영흥면 영흥남로369번길 22 지상주차장
ME24B150,영흥화력사택,옹진군,37.250229174,126.45489822,1,1,36.68,인천광역시 옹진군 영흥면 영흥남로369번길 22
ST282602,기아오토큐 북인천서비스,서구,37.491092,126.662259,1,0,35.41,인천광역시 서해구 봉수대로170번길 9 기아오토큐 북인천서비스 옥외주차장 건물외벽
PC000013,비알오토솔루션,서구,37.491039,126.661864,2,0,35.41,인천광역시 서해구 봉수대로170번길 5 옥외주차장 1층
ICIA0047,인천공항 T2 장기주차빌딩 (P1) 2F,중구,37.483377,126.413162,10,10,34.38,인천광역시 영종구 제2터미널대로 332 P1장기주차빌딩 2층 329번 기둥
ME25A430,해누리공원 주차장,강화군,37.7073296,126.3578348,4,4,34.33,인천광역시 강화군 내가면 해안서로 1110
KP005217,송도현대모터스,미추홀구,37.437147,126.647044,1,1,33.88,인천광역시 미추홀구 독배로 183
ST281708,현대블루핸즈 송도종합서비스(구_송도현대모터스),미추홀구,37.4369646,126.6473512,2,2,33.88,인천광역시 미추홀구 독배로 183 송도종합서비스 주차장 입구 우측
ICIA0071,인천공항 T2 장기주차장 B110구역,중구,37.478307,126.417797,20,20,33.85,인천광역시 영종구 제2터미널대로 334 T2 장기주차장(야외) B110구역
ICIA0072,인천공항 T2 예약주차장,중구,37.478444,126.418139,36,36,33.85,인천광역시 영종구 제2터미널대로 332 T2 예약주차장 진입 후 끝
ICIA0051,인천공항 T2 장기주차빌딩 (P2) 3F,중구,37.484093,126.41458,10,10,33.76,인천광역시 영종구 제2터미널대로 332 P2장기주차빌딩 3층 439번 기둥
ICIA0052,인천공항 T2 장기주차빌딩 (P2) 4F,중구,37.484259,126.4149,10,10,33.76,인천광역시 영종구 제2터미널대로 332 P2장기주차빌딩 4층 449번 기둥
ME19A255,강화경기장,강화군,37.7550888,126.468875,2,2,31.96,인천광역시 강화군 강화읍 강화대로 603
NT101321,강화 고인돌체육관,강화군,37.754954903,126.46855386,6,6,31.96,인천광역시 강화군 강화읍 강화대로 603 지상주차장
EZ100064,마전하나아파트,서구,37.6076654,126.6733954,2,2,30.88,인천광역시 검단구 검단로 622
ICIA0048,인천공항 T2 장기주차빌딩 (P1) 3F,중구,37.48349,126.413524,10,10,30.09,인천광역시 영종구 제2터미널대로 332 P1장기주차빌딩 3층 339번 기둥
ICIA0049,인천공항 T2 장기주차빌딩 (P1) 4F,중구,37.483674,126.413774,10,10,30.09,인천광역시 영종구 제2터미널대로 332 P1장기주차빌딩 4층 349번 기둥
HE001120,인천공항 화물터미널 주차장(남측),중구,37.463893,126.47116,4,4,27.59,인천광역시 영종구 공항동로193번길 70 남측주차장
EV012387,인천중구 인스파이어 주차타워1F(급속),중구,37.464121929,126.3893482,7,0,25.96,인천광역시 영종구 공항문화로 127 (운서동) E주차장쪽 주차타워 1층 급속 7기
ICIA0044,인천공항 T2 단기주차장 서편 2F,중구,37.468668,126.430951,8,8,25.45,인천광역시 영종구 제2터미널대로 444 T2 단기주차장(서편) 2층 149번 기둥
ICIA0045,인천공항 T2 단기주차장 서편 3F,중구,37.468468,126.431092,8,8,25.45,인천광역시 영종구 제2터미널대로 444 T2 단기주차장(서편) 3층 158번 기둥
ME25A152,국립생물자원관,서구,37.5654271,126.6369886,1,1,25.07,인천광역시 검단구 환경로 42 (오류동)
ME19A167,국립생물자원관,서구,37.565291158,126.63721531,1,1,25.07,인천광역시 검단구 환경로 42
ME25A255,모도 박주기 공영주차장,옹진군,37.5301406,126.4089301,2,2,24.67,인천광역시 옹진군 북도면 모도리 255-3
PK000246,검단버스 본사차고지,서구,37.589909,126.6266173,4,0,23.74,인천광역시 검단구 원당대로 227-10
MTDAONIC,공영급행,서구,37.589699353,126.62656347,4,0,23.74,인천광역시 검단구 원당대로 227-10
ICIA0006,인천공항 남측 화물터미널 4,중구,37.463785,126.470879,4,4,23.24,인천광역시 영종구 운서동 2851-138 터미널 입구(우측) 중간 지점 현장 / IACT 앞
ICIA0016,인천공항 남측 화물터미널 2,중구,37.463668,126.470661,10,10,23.24,인천광역시 영종구 운서동 2851-138 터미널 입구(우측) 중간 지점 현장 / IACT 앞
PI320058,인천시 강화군 세븐일레븐길상장흥점,강화군,37.60769668,126.5171518,2,2,22.84,인천광역시 강화군 길상면 해안남로 336 주차장
PC000759,너멍골펜션(인천),강화군,37.6077941,126.5173797,2,2,22.84,인천광역시 강화군 길상면 해안남로 332 지상 1층 주차장
EV012386,인천중구 인스파이어 주차타워1F(완속),중구,37.46374983,126.38926362,1,0,22.65,인천광역시 영종구 공항문화로 127 (운서동) E주차장쪽 주차타워 1층 완속 1기
EV012389,인천중구 인스파이어 주차타워3F,중구,37.463938536,126.38916601,14,0,22.18,인천광역시 영종구 공항문화로 127 (운서동) E주차장쪽 주차타워 3층 완속 14기
EV012385,인천중구 인스파이어 주차타워 옥상(급속),중구,37.464166966,126.38890983,7,0,20.02,인천광역시 영종구 공항문화로 127 (운서동) E주차장쪽 주차타워 옥상 급속 7기
EV012388,인천중구 인스파이어 주차타워2F,중구,37.4639868,126.3889226,14,0,20.02,인천광역시 영종구 공항문화로 127 (운서동) E주차장쪽 주차타워 2층 완속 14기
PI747623,BMW차징스테이션 수정성결교회 by바바리안모터스,서구,37.6139686,126.6790437,4,4,19.57,인천광역시 검단구 불로로 64
PI306174,수정성결교회,서구,37.613958,126.679265,1,1,19.57,인천광역시 검단구 불로로 64 제3주차장 방송실 옆
KP004509,청라 BRT 통합차고지,서구,37.513339,126.625284,1,1,19.14,인천광역시 서해구 파랑로 105
BT000190,청라 BRT 전기버스 공영주차장,서구,37.51343,126.6251,6,6,19.14,인천광역시 서해구 파랑로 105 청라동 195-4
PI766830,성강지식산업센터B,남동구,37.384567279,126.70427608,6,6,11.44,"인천광역시 남동구 아암대로 1223 (고잔동) 지상3층주차램프옆 Eps실 앞, 지상4층주차램프옆 Eps실 앞, 지상5층주차램프옆 Eps실 앞"
PI770201,성강지식산업센터,남동구,37.384602656,126.70415467,9,9,11.44,"인천광역시 남동구 아암대로 1223 B1F 주차램프 옆 EPS실 앞, 1F 주차램프 옆 EPS실 앞, 2F 주차램프 옆 EPS실 앞, 6F 주차램프 옆 EPS실 앞"
PI645360,BMW차징스테이션 네스트호텔,중구,37.4245607,126.4253822,10,10,10.65,인천광역시 영종구 영종해안남로 19-5 지상주차장 입구 우측 80m
PI748050,BMW차징스테이션 네스트호텔 by코오롱모터스,중구,37.4244803,126.4253165,4,4,10.65,인천광역시 영종구 영종해안남로 19-5 야외주차장
CV002281,형제전기지식산업센터,남동구,37.398924,126.694038,4,4,9.08,"인천광역시 남동구 남동대로 150 (고잔동, 형제전기지식산업센터) 지상10층 주차장"
PI121462,형제전기,남동구,37.399,126.694,2,0,9.08,인천광역시 남동구 남동대로 150 (고잔동) 주차장
EV014237,인천서구 수도권매립지관리공사 1,서구,37.574430859,126.64583655,7,7,8.94,인천광역시 검단구 자원순환로 170 골프장 지상주차장
PI121611,인천시 서구 인천드림파크CC,서구,37.574496,126.645777,6,0,8.94,인천광역시 검단구 자원순환로260번길 46 드림파크CC 클럽하우스주차장 드림파크CC 클럽하우스주차장 L열
PW011189,송도캐슬해모로아파트,연수구,37.385002478492,126.6769006597,5,0,8.21,인천광역시 연수구 송도과학로51번길 136
ME23A222,월미도제2공영주차장,중구,37.477315,126.5986338,2,2,7.13,인천광역시 제물포구 북성동1가 97-32
ME18B195,월미공원 제2주차장,중구,37.4772813,126.5987024,1,1,7.13,인천광역시 제물포구 북성동1가 97-32
ME19A256,대룡리 공영주차장,강화군,37.781760000002,126.2785154,2,2,6.79,인천광역시 강화군 교동면 대룡리 466-19
KP005374,대룡리 공영주차장,강화군,37.7817,126.2785,1,1,6.79,인천광역시 강화군 교동면 교동서로 9-14
EV005994,인천남동 도림아이파크1,남동구,37.421723777,126.73140483,4,4,6.75,인천광역시 남동구 도리미로 8 101~102동사이 지하주차장 A33기둥열
EV002441,인천 도림아이파크아파트,남동구,37.421734759935,126.7314798119,2,2,6.75,인천광역시 남동구 도리미로 8 103동 지하1층주차장 C15기둥
PI716202,인천표면처리센터 요진코아텍,서구,37.587613056,126.5982296,12,12,6.73,인천광역시 검단구 가람로 14 인천표면처리센터 요진코아텍 옥상 주차장입구우측80M
PI203021,인천표면처리센터,서구,37.5876291,126.5983031,5,5,6.73,"인천광역시 검단구 가람로 14 옥상주차장 입구, B1 A29 기둥"
NT100975,인천 삼라마이다스아파트,서구,37.6118989,126.6733973,3,0,5.04,인천광역시 검단구 검단로 653 지상주차장(관리사무소 옆 외벽)
EV005726,인천서구 삼라마이다스,서구,37.61186024,126.67342733,2,2,5.04,인천광역시 검단구 검단로 653 지하2층 기계실 옆
ME18B293,로봇타워,서구,37.5280515,126.6081737,2,2,4.16,인천광역시 서해구 로봇랜드로 155-11
ME20A287,청라사업소,서구,37.5280476,126.6081269,2,2,4.16,인천광역시 서해구 경서동 673-6
ME19A163,영종역남부 공영주차장,중구,37.510709027,126.52374411,1,1,4.03,인천광역시 영종구 운북동 464
JA280088,인천시 영종역 남부공영주차장,중구,37.5107227,126.5237864,1,1,4.03,인천광역시 영종구 운북동 1170-16 지상 1층
EP320300,인천 경서주차장 충전소,서구,37.55823343,126.65424588,3,3,3.73,인천광역시 서해구 경서로70번길 10 맞은편 공영주차장
WS281009,경서 주차장,서구,37.5581999,126.6542432,2,2,3.73,인천광역시 서해구 경서동 734
PI320351,인천시 중구 샤프테크닉스케이,중구,37.4583507,126.4276993,4,4,0.83,인천광역시 영종구 공항로 272 정문왼쪽 주차장
PI710396,효성태산아파트,계양구,37.530454144,126.70020508,12,0,0.64,인천광역시 계양구 봉오대로477번길 20 효성태산아파트
NT300061,인천 영종자이아파트,중구,37.48792,126.53134,15,0,0.64,인천광역시 영종구 운남서로 7 B1F주차장 / B2F주차장
NT102397,인천 효성동태산그린아파트,계양구,37.53045,126.7002,14,0,0.64,"인천광역시 계양구 봉오대로477번길 20 지상주차장(103동, 106동, 112동)"
KP001039,영종자이 아파트,중구,37.4879256752,126.5313384364,4,0,0.64,인천광역시 영종구 운남동 운남서로 7
LI000297,화물차 충전소,연수구,37.34631512,126.6363568,1,0,0.53,인천광역시 연수구 인천신항대로 707
EV014315,인천연수 선광신컨테이너터미널 2,연수구,37.3463156,126.6363628,1,1,0.53,인천광역시 연수구 인천신항대로 707 정비센터내 1기(벽부)
EV002808,인천강화 강화베이힐1,강화군,37.7418811,126.5035018,2,2,0.16,인천광역시 강화군 강화읍 강화대로 234-12 정문경비실 옆 지상주차장(외부인사용불가)
EV008136,인천강화 강화베이힐2,강화군,37.7418801,126.5035031,2,2,0.16,인천광역시 강화군 강화읍 강화대로 234-12 102동 1층(외부인 사용불가)
PI708653,일신주공아파트,부평구,37.482700718,126.74148111,3,0,0.13,인천광역시 부평구 항동로75번길 11 일신주공아파트 101동 B1
NT102490,인천 일신주공아파트,부평구,37.4827,126.74148,11,0,0.13,"인천광역시 부평구 항동로75번길 11 지상주차장(104동, 106동, 112동 뒤 주차면)"
DL200014,월미도 뽀로로 테마파크,중구,37.4762525,126.5992177,3,3,0.1,인천광역시 제물포구 월미로 222 지하 2층 주차장
HU320006,월미산업개발,중구,37.476253362,126.59921785,2,2,0.1,인천광역시 제물포구 월미로 222 월미산업개발
LU002234,우정에쉐르아파트,서구,37.560997,126.652312,3,0,0.06,인천광역시 서해구 경서로 99 304동 앞 지상 주차장
LU101670,우정에쉐르아파트_EC,서구,37.5609975,126.6523121,2,0,0.06,인천광역시 서해구 경서로 99 관리사무소 옆 지상주차장
LU002627,청라국제도시역푸르지오시티,서구,37.552317,126.617765,52,52,0.04,인천광역시 서해구 에코로 65 지상2층 주차장 05 기둥  지상3층 주차장 04 기둥 지상4층 주차장 04 기둥 지상3층 주차장 내부 끝쪽
LU100816,청라국제도시역 푸르지오시티,서구,37.55231731,126.6177653,32,32,0.04,인천광역시 서해구 에코로 65 지하 1층 주차장(1)(2) 지하 2층 주차장(1)(2) 지하 3층 주차장(1)(2)
EV012647,인천서구 아시아드대광로제비앙아파트 6,서구,37.5568927,126.6668808,3,0,0.0,"인천광역시 서해구 모월곶로 41 (경서동, 인천 경서 아시아드 대광로제비앙) 113동 지하1층 A01 기둥우측 /"
EV012645,인천서구 아시아드대광로제비앙아파트 4,서구,37.5568927,126.6668808,3,0,0.0,"인천광역시 서해구 모월곶로 41 (경서동, 인천 경서 아시아드 대광로제비앙) 107동 지하2층 C31 기둥우측 스"
EV012643,인천서구 아시아드대광로제비앙아파트 2,서구,37.5568927,126.6668808,5,0,0.0,"인천광역시 서해구 모월곶로 41 (경서동, 인천 경서 아시아드 대광로제비앙) 110동 지하1층 A97 기둥우측 /"
EV016467,인천서구 마전하나아파트 2,서구,37.6079417,126.6734371,5,0,0.0,"인천광역시 검단구 검단로 622 (마전동, 하나아파트) 103동 5,6라인 앞"
EV016466,인천서구 마전하나아파트 1,서구,37.6079417,126.6734371,5,0,0.0,"인천광역시 검단구 검단로 622 (마전동, 하나아파트) 104동 3,4라인 앞"
EV015768,인천중구 내트럭하우스 인천사업소 2,중구,37.4316956,126.6238205,2,2,0.0,인천광역시 제물포구 축항대로296번길 183 (신흥동3가) 지상1층 주차장
EV012644,인천서구 아시아드대광로제비앙아파트 3,서구,37.5568927,126.6668808,5,0,0.0,"인천광역시 서해구 모월곶로 41 (경서동, 인천 경서 아시아드 대광로제비앙) 107동 지하2층 C31 기둥좌측 스"
EV015767,인천중구 내트럭하우스 인천사업소 1,중구,37.4316956,126.6238205,6,0,0.0,인천광역시 제물포구 축항대로296번길 183 (신흥동3가) 지상1층 주차장
ST282604,대신택배 인천경서점,서구,37.5467992,126.6485129,1,0,0.0,인천광역시 서해구 호두산로10번길 38-12 실외주차장
EV015377,인천중구 오션솔레뷰 3,중구,37.4945145,126.5793655,1,1,0.0,인천광역시 영종구 영종진광장로 32 (중산동) 지하3층 09 벽기둥
EV012646,인천서구 아시아드대광로제비앙아파트 5,서구,37.5568927,126.6668808,6,0,0.0,"인천광역시 서해구 모월곶로 41 (경서동, 인천 경서 아시아드 대광로제비앙) 104동 지하1층 B32 기둥좌,우측"
EV015376,인천중구 오션솔레뷰 2,중구,37.4945145,126.5793655,1,1,0.0,인천광역시 영종구 영종진광장로 32 (중산동) 지하2층 14 벽기둥
EV012648,인천서구 아시아드대광로제비앙아파트 7,서구,37.5568927,126.6668808,3,0,0.0,"인천광역시 서해구 모월곶로 41 (경서동, 인천 경서 아시아드 대광로제비앙) 113동 지하1층 A01 기둥 좌측"
EV015375,인천중구 오션솔레뷰 1,중구,37.4945145,126.5793655,1,1,0.0,인천광역시 영종구 영종진광장로 32 (중산동) 지하1층 09~10 벽기둥 사이
SZBA0042,(23년) 태양여객(왕길동)-1차,서구,37.5891543,126.6414542,10,0,0.0,인천광역시 검단구 검단로326번길 81-38 주차장
EV012642,인천서구 아시아드대광로제비앙아파트 1,서구,37.5568927,126.6668808,4,0,0.0,"인천광역시 서해구 모월곶로 41 (경서동, 인천 경서 아시아드 대광로제비앙) 103동 지하1층 B64 기둥우측 / 모자분리 / 벽부형"
EV004137,인천연수구 송도동일하이빌파크포레,연수구,37.412569093,126.65774375,2,1,0.0,인천광역시 연수구 앵고개로104번길 5 801동 지하2층주차장 B23기둥우측
EV012970,인천서구 청라썬앤빌에코스타오피스텔 2,서구,37.551682647,126.61834855,8,8,0.0,"인천광역시 서해구 미래로 11 B4층 14번기둥 옆 6대, 8번 기둥옆 2대"
EV012969,인천서구 청라썬앤빌에코스타오피스텔 1,서구,37.551682647,126.61834855,6,6,0.0,인천광역시 서해구 미래로 11 B3층 14번기둥 옆 6대
SZBA0083,(24년) 태양여객(왕길동)-2차,서구,37.5891543,126.6414542,8,0,0.0,인천광역시 검단구 검단로326번길 81-38 주차장
EV012649,인천서구 아시아드대광로제비앙아파트 8,서구,37.5568927,126.6668808,3,0,0.0,"인천광역시 서해구 모월곶로 41 (경서동, 인천 경서 아시아드 대광로제비앙) 111동 지하1층 A71 기둥 좌측"
EV012650,인천서구 아시아드대광로제비앙아파트 9,서구,37.5568927,126.6668808,3,0,0.0,"인천광역시 서해구 모월곶로 41 (경서동, 인천 경서 아시아드 대광로제비앙) 104동 지하1층 B58 기둥우측 /"
PI766041,경서동가이아샹베르2차아파트,서구,37.557367679,126.65112544,9,0,0.0,"인천광역시 서해구 경서로31번길 47 (경서동, 가이아샹베르2차아파트) 208동 앞 지상1층 주차장"
EP320107,강화군 해누리공원 공영주차장,강화군,37.707543841,126.35755387,3,3,0.0,인천광역시 강화군 내가면 해안서로 1110 주차장
EP320102,강화군 해누리공원 공영주차장(급속),강화군,37.707543841,126.35755387,2,2,0.0,인천광역시 강화군 내가면 해안서로 1110 주차장
PI750248,마전대주파크빌아파트,서구,37.610132495,126.66809296,3,0,0.0,"인천광역시 검단구 마전로99번길 8 (마전동, 대주파크빌아파트) 703동 출입구 후면 지상 주차면"
PIH01668,송도캐슬앤해모로아파트,연수구,37.3850167,126.6768096,29,0,0.0,"인천광역시 연수구 송도과학로51번길 136 B1층 201동 86기둥 ,203동 23기둥,205동 10기둥/75기둥, 211동 10기둥,212동 73~74기둥,212동 74~75기둥"
ME25A162,한국산업단지공단 남동지식산업센터 2,남동구,37.3927099,126.6966864,1,1,0.0,인천광역시 남동구 남동동로 84 (고잔동)
NT101573,아시아나항공 인천제2격납고,중구,37.45835,126.42769,8,8,0.0,인천광역시 영종구 공항로 272 지상주차장(건물 우측 주차면)
NT101572,아시아나항공 인천제1격납고,중구,37.45835,126.42769,3,3,0.0,인천광역시 영종구 공항로 272 지상주차장(건물 정문 옆 주차면)
ME25A461,한국산업단지공단 남동지식산업센터 1,남동구,37.3927099,126.6966864,4,4,0.0,인천광역시 남동구 남동동로 84 (고잔동)
LU003102,도림주공그린빌2단지아파트,남동구,37.41864107,126.7307037,14,0,0.0,인천광역시 남동구 오봉로 33 지상1층 주차장
PL008793,도림주공그린빌2단지아파트,남동구,37.41864107,126.7307037,5,0,0.0,인천광역시 남동구 오봉로 33
LU000604,앰코테크놀로지코리아,연수구,37.3600543,126.6564762,4,0,0.0,인천광역시 연수구 송도미래로 150 지상주차장 / 사내버스 승강장 인근
PL033091,가이아샹베르2차아파트,서구,37.5573677,126.6511254,11,0,0.0,"인천광역시 서해구 경서로31번길 47 가이아샹베르2차아파트 203동 앞 지상, 204동 앞 지상, 207동 뒤 지상"
L3280145,청라달튼외국인학교_L3,서구,37.5475592,126.6222117,3,0,0.0,인천광역시 서해구 첨단동로 344 1층 지상주차장
CU320089,모도리 공영주차장,옹진군,37.5301207,126.408652,4,4,0.0,인천광역시 옹진군 북도면 모도리 255-2 공영주차장
CU950003,모도리 공영주차장,옹진군,37.5301207,126.408652,1,1,0.0,인천광역시 옹진군 북도면 모도로 124 지상 공영주차장
PW013765,송도캐슬해모로 아파트입주자대표회의,연수구,37.3850167,126.6768096,12,0,0.0,"인천광역시 연수구 송도과학로51번길 136 B1층 202동 휀룸17 좌측 3기, B1층 206동 휀룸24 우측 3기,B1층 210동 휀룸1 옆 001번 기둥 우측 3기,B1층 212동 휀룸7 옆 073번 기둥 우측 3기"
CU950004,모도리 공영주차장,옹진군,37.5301207,126.408652,1,1,0.0,인천광역시 옹진군 북도면 모도로 124 지상 공영주차장
IM000025,삼성이앤에이 송도현장사무실,연수구,37.3600543,126.6564762,8,4,0.0,인천광역시 연수구 송도동 430-5 삼성바이로직스 5공장부지 삼성엔지니어링 송도현장사무실
ICIA0019,인천공항 북측 화물터미널(좌) 2,중구,37.470773,126.46522,6,6,0.0,인천광역시 영종구 운서동 2859-27 인천항공화물터미널 B동 북측주차장3
SF001371,마전대주파크빌아파트,서구,37.610132495,126.66809296,8,8,0.0,인천광역시 검단구 마전로99번길 8 마전대주파크빌아파트
ICIA0007,인천공항 북측 화물터미널(좌) 4,중구,37.470773,126.46522,4,4,0.0,인천광역시 영종구  운서동 2859-27 인천항공화물터미널 B동 북측주차장3
PI751217,송도동일하이빌파크포레,연수구,37.412569093,126.65774375,4,0,0.0,인천광역시 연수구 앵고개로104번길 5 송도동일하이빌파크포레
SF003371,대신택배 인천경서 (완속충전기),서구,37.546799202,126.64851285,2,2,0.0,인천광역시 서해구 호두산로10번길 38-12 대신택배 인천경서 (완속충전기)
EP200312,인천 모텔피렌체,옹진군,37.247851,126.4787954,2,0,0.0,인천광역시 옹진군 영흥면 영흥남로9번길 102-23 구내주차장
EP200313,인천 대명쏘스삼겹살전문,옹진군,37.247851,126.4787954,2,0,0.0,인천광역시 옹진군 영흥면 영흥남로9번길 102-23 구내주차장
EP230327,인천 한국글로벌셰프고등학교 급속충전소,강화군,37.7117956,126.39281,1,1,0.0,인천광역시 강화군 내가면 강화서로 184
EP240033,인천 한국글로벌셰프고등학교,강화군,37.7117956,126.39281,1,1,0.0,인천광역시 강화군 내가면 강화서로 184 주차장
HU320008,청라달튼외국인학교,서구,37.5475592,126.6222117,3,3,0.0,인천광역시 서해구 첨단동로 344 청라달튼외국인학교
