charger_uid,statNm,addr,delYn,delDetail,stat,statUpdDt
EV006502_01,인천남동 간석이삭아파트,인천광역시 남동구 용천로176번길 109,Y,"기존 충전기, 지상 이전설치로 인한 등록 된 충전기 철거",9,2026-03-24 15:29:23
EV006502_02,인천남동 간석이삭아파트,인천광역시 남동구 용천로176번길 109,Y,"기존 충전기, 지상 이전설치로 인한 등록 된 충전기 철거",9,2026-03-24 15:29:23
EV006502_03,인천남동 간석이삭아파트,인천광역시 남동구 용천로176번길 109,Y,"기존 충전기, 지상 이전설치로 인한 등록 된 충전기 철거",9,2026-03-24 15:29:23
EV006502_04,인천남동 간석이삭아파트,인천광역시 남동구 용천로176번길 109,Y,"기존 충전기, 지상 이전설치로 인한 등록 된 충전기 철거",9,2026-03-24 15:29:23
HM110245_01,검단호반써밋1차아파트,인천광역시 검단구 이음5로 15,Y,충전기 취소로 인한 철거,9,2024-12-09 15:23:10
IN032001_01,반안프라자1,인천광역시 서해구 중봉대로612번길 10-8,Y,차지비 이관,9,2026-06-15 12:26:52
IN032003_01,반안프라자3,인천광역시 서해구 청라커낼로260번길 7-15,Y,차지비 이관,9,2026-06-15 12:26:53
IN032004_01,간석LH2단지,인천광역시 남동구 백범로294번길 16,Y,차지비 이관,9,2026-06-15 12:26:53
IN032004_02,간석LH2단지,인천광역시 남동구 백범로294번길 16,Y,차지비 이관,9,2026-06-15 12:26:53
IN032004_03,간석LH2단지,인천광역시 남동구 백범로294번길 16,Y,차지비 이관,9,2026-06-15 12:26:53
IN032004_04,간석LH2단지,인천광역시 남동구 백범로294번길 16,Y,차지비 이관,9,2026-06-15 12:26:53
IN032004_05,간석LH2단지,인천광역시 남동구 백범로294번길 16,Y,차지비 이관,9,2026-06-15 12:26:53
IN032004_06,간석LH2단지,인천광역시 남동구 백범로294번길 16,Y,차지비 이관,9,2026-06-15 12:26:53
IN032004_07,간석LH2단지,인천광역시 남동구 백범로294번길 16,Y,차지비 이관,9,2026-06-15 12:26:53
IN032004_08,간석LH2단지,인천광역시 남동구 백범로294번길 16,Y,차지비 이관,9,2026-06-15 12:26:53
IN032004_09,간석LH2단지,인천광역시 남동구 백범로294번길 16,Y,차지비 이관,9,2026-06-15 12:26:54
IN032004_10,간석LH2단지,인천광역시 남동구 백범로294번길 16,Y,차지비 이관,9,2026-06-15 12:26:54
IN032004_11,간석LH2단지,인천광역시 남동구 백범로294번길 16,Y,차지비 이관,9,2026-06-15 12:26:54
IN032004_12,간석LH2단지,인천광역시 남동구 백범로294번길 16,Y,차지비 이관,9,2026-06-15 12:26:54
IN032004_13,간석LH2단지,인천광역시 남동구 백범로294번길 16,Y,차지비 이관,9,2026-06-15 12:26:54
IN032004_14,간석LH2단지,인천광역시 남동구 백범로294번길 16,Y,차지비 이관,9,2026-06-15 12:26:54
IN032004_15,간석LH2단지,인천광역시 남동구 백범로294번길 16,Y,차지비 이관,9,2026-06-15 12:26:54
IN032004_16,간석LH2단지,인천광역시 남동구 백범로294번길 16,Y,차지비 이관,9,2026-06-15 12:26:54
IN032004_17,간석LH2단지,인천광역시 남동구 백범로294번길 16,Y,차지비 이관,9,2026-06-15 12:26:54
IN032004_18,간석LH2단지,인천광역시 남동구 백범로294번길 16,Y,차지비 이관,9,2026-06-15 12:26:54
IN032004_19,간석LH2단지,인천광역시 남동구 백범로294번길 16,Y,차지비 이관,9,2026-06-15 12:26:54
IN032005_01,더프레스티움,인천광역시 미추홀구 경인로 165,Y,차지비 이관,9,2026-06-15 12:26:54
IN032005_02,더프레스티움,인천광역시 미추홀구 경인로 165,Y,차지비 이관,9,2026-06-15 12:26:54
IN032006_01,검단대광로제비앙센트럴포레,인천광역시 검단구 검단로768번길 46,Y,차지비 이관,2,2026-06-17 09:01:27
IN032006_02,검단대광로제비앙센트럴포레,인천광역시 검단구 검단로768번길 46,Y,차지비 이관,2,2026-06-15 12:26:54
IN032006_03,검단대광로제비앙센트럴포레,인천광역시 검단구 검단로768번길 46,Y,차지비 이관,9,2026-06-15 12:26:54
IN032006_04,검단대광로제비앙센트럴포레,인천광역시 검단구 검단로768번길 46,Y,차지비 이관,9,2026-06-15 12:26:54
IN032006_05,검단대광로제비앙센트럴포레,인천광역시 검단구 검단로768번길 46,Y,차지비 이관,9,2026-06-15 12:26:55
IN032006_06,검단대광로제비앙센트럴포레,인천광역시 검단구 검단로768번길 46,Y,차지비 이관,9,2026-06-15 12:26:55
IN032006_07,검단대광로제비앙센트럴포레,인천광역시 검단구 검단로768번길 46,Y,차지비 이관,9,2026-06-15 12:26:55
IN032006_08,검단대광로제비앙센트럴포레,인천광역시 검단구 검단로768번길 46,Y,차지비 이관,9,2026-06-15 12:26:55
IN032006_09,검단대광로제비앙센트럴포레,인천광역시 검단구 검단로768번길 46,Y,차지비 이관,9,2026-06-15 12:26:55
IN032006_10,검단대광로제비앙센트럴포레,인천광역시 검단구 검단로768번길 46,Y,차지비 이관,9,2026-06-15 12:26:55
IN032006_11,검단대광로제비앙센트럴포레,인천광역시 검단구 검단로768번길 46,Y,차지비 이관,2,2026-06-17 08:21:12
IN032006_12,검단대광로제비앙센트럴포레,인천광역시 검단구 검단로768번길 46,Y,차지비 이관,9,2026-06-15 12:26:55
IN032006_13,검단대광로제비앙센트럴포레,인천광역시 검단구 검단로768번길 46,Y,차지비 이관,9,2026-06-15 12:26:55
IN032006_14,검단대광로제비앙센트럴포레,인천광역시 검단구 검단로768번길 46,Y,차지비 이관,2,2026-06-15 12:26:55
IN032006_15,검단대광로제비앙센트럴포레,인천광역시 검단구 검단로768번길 46,Y,차지비 이관,9,2026-06-15 12:26:55
IN032006_16,검단대광로제비앙센트럴포레,인천광역시 검단구 검단로768번길 46,Y,차지비 이관,9,2026-06-15 12:26:55
IN032006_17,검단대광로제비앙센트럴포레,인천광역시 검단구 검단로768번길 46,Y,차지비 이관,9,2026-06-15 12:26:55
IN032006_18,검단대광로제비앙센트럴포레,인천광역시 검단구 검단로768번길 46,Y,차지비 이관,9,2026-06-15 12:26:55
IN032006_19,검단대광로제비앙센트럴포레,인천광역시 검단구 검단로768번길 46,Y,차지비 이관,9,2026-06-15 12:26:55
IN032006_20,검단대광로제비앙센트럴포레,인천광역시 검단구 검단로768번길 46,Y,차지비 이관,9,2026-06-15 12:26:56
IN032006_21,검단대광로제비앙센트럴포레,인천광역시 검단구 검단로768번길 46,Y,차지비 이관,9,2026-06-15 12:26:56
IN032006_22,검단대광로제비앙센트럴포레,인천광역시 검단구 검단로768번길 46,Y,차지비 이관,9,2026-06-15 12:26:56
IN032006_23,검단대광로제비앙센트럴포레,인천광역시 검단구 검단로768번길 46,Y,차지비 이관,9,2026-06-15 12:26:56
IN032006_24,검단대광로제비앙센트럴포레,인천광역시 검단구 검단로768번길 46,Y,차지비 이관,9,2026-06-15 12:26:56
IN032006_25,검단대광로제비앙센트럴포레,인천광역시 검단구 검단로768번길 46,Y,차지비 이관,9,2026-06-15 12:26:56
IN032006_26,검단대광로제비앙센트럴포레,인천광역시 검단구 검단로768번길 46,Y,차지비 이관,9,2026-06-15 12:26:56
IN032006_27,검단대광로제비앙센트럴포레,인천광역시 검단구 검단로768번길 46,Y,차지비 이관,9,2026-06-15 12:26:56
IN032006_28,검단대광로제비앙센트럴포레,인천광역시 검단구 검단로768번길 46,Y,차지비 이관,9,2026-06-15 12:26:56
IN032006_29,검단대광로제비앙센트럴포레,인천광역시 검단구 검단로768번길 46,Y,차지비 이관,9,2026-06-15 12:26:56
IN032006_30,검단대광로제비앙센트럴포레,인천광역시 검단구 검단로768번길 46,Y,차지비 이관,9,2026-06-15 12:26:56
IN032006_31,검단대광로제비앙센트럴포레,인천광역시 검단구 검단로768번길 46,Y,차지비 이관,9,2026-06-15 12:26:56
IN032006_32,검단대광로제비앙센트럴포레,인천광역시 검단구 검단로768번길 46,Y,차지비 이관,2,2026-07-01 11:21:14
IN032006_33,검단대광로제비앙센트럴포레,인천광역시 검단구 검단로768번길 46,Y,차지비 이관,2,2026-07-09 21:01:28
IN032006_34,검단대광로제비앙센트럴포레,인천광역시 검단구 검단로768번길 46,Y,차지비 이관,2,2026-07-11 21:21:26
IN032006_35,검단대광로제비앙센트럴포레,인천광역시 검단구 검단로768번길 46,Y,차지비 이관,5,2026-06-15 12:26:56
IN032006_36,검단대광로제비앙센트럴포레,인천광역시 검단구 검단로768번길 46,Y,차지비 이관,5,2026-06-15 12:26:56
IN032006_37,검단대광로제비앙센트럴포레,인천광역시 검단구 검단로768번길 46,Y,차지비 이관,5,2026-06-15 12:26:56
IN032006_38,검단대광로제비앙센트럴포레,인천광역시 검단구 검단로768번길 46,Y,차지비 이관,5,2026-06-15 12:26:56
IN032006_39,검단대광로제비앙센트럴포레,인천광역시 검단구 검단로768번길 46,Y,차지비 이관,5,2026-06-15 12:26:56
IN032007_01,운서청호주차장,인천광역시 영종구 모랫말로16번길 13-53,Y,차지비 이관,9,2026-06-15 12:26:56
IN032007_02,운서청호주차장,인천광역시 영종구 모랫말로16번길 13-53,Y,차지비 이관,9,2026-06-15 12:26:56
IN032007_03,운서청호주차장,인천광역시 영종구 모랫말로16번길 13-53,Y,차지비 이관,2,2026-06-16 14:41:14
IN032007_04,운서청호주차장,인천광역시 영종구 모랫말로16번길 13-53,Y,차지비 이관,2,2026-06-16 14:41:14
IN032007_05,운서청호주차장,인천광역시 영종구 모랫말로16번길 13-53,Y,차지비 이관,2,2026-06-16 14:41:14
IN032007_06,운서청호주차장,인천광역시 영종구 모랫말로16번길 13-53,Y,차지비 이관,3,2026-07-15 23:21:14
IN032007_07,운서청호주차장,인천광역시 영종구 모랫말로16번길 13-53,Y,차지비 이관,2,2026-07-16 07:01:36
IN032008_01,이마트계양점,인천광역시 계양구 봉오대로 785,Y,차지비 이관,2,2026-06-15 12:26:56
IN032008_02,이마트계양점,인천광역시 계양구 봉오대로 785,Y,차지비 이관,2,2026-06-15 12:26:57
IN032008_03,이마트계양점,인천광역시 계양구 봉오대로 785,Y,차지비 이관,2,2026-06-15 15:41:15
IN032008_04,이마트계양점,인천광역시 계양구 봉오대로 785,Y,차지비 이관,2,2026-06-15 12:26:57
IN032008_05,이마트계양점,인천광역시 계양구 봉오대로 785,Y,차지비 이관,2,2026-06-15 12:26:57
IN032008_06,이마트계양점,인천광역시 계양구 봉오대로 785,Y,차지비 이관,2,2026-06-15 12:26:57
IN032008_07,이마트계양점,인천광역시 계양구 봉오대로 785,Y,차지비 이관,2,2026-06-15 12:26:57
IN032008_08,이마트계양점,인천광역시 계양구 봉오대로 785,Y,차지비 이관,2,2026-06-15 12:26:57
IN032009_01,이마트동인천점,인천광역시 제물포구 인중로 134,Y,차지비 이관,9,2026-06-15 12:26:57
IN032009_02,이마트동인천점,인천광역시 제물포구 인중로 134,Y,차지비 이관,9,2026-06-15 12:26:57
IN032009_03,이마트동인천점,인천광역시 제물포구 인중로 134,Y,차지비 이관,9,2026-06-15 12:26:57
IN032009_04,이마트동인천점,인천광역시 제물포구 인중로 134,Y,차지비 이관,9,2026-06-15 12:26:58
IN032009_05,이마트동인천점,인천광역시 제물포구 인중로 134,Y,차지비 이관,9,2026-06-15 12:26:58
IN032009_06,이마트동인천점,인천광역시 제물포구 인중로 134,Y,차지비 이관,9,2026-06-15 12:26:58
IN032009_07,이마트동인천점,인천광역시 제물포구 인중로 134,Y,차지비 이관,9,2026-06-15 12:26:58
IN032009_08,이마트동인천점,인천광역시 제물포구 인중로 134,Y,차지비 이관,9,2026-06-15 12:26:58
IN032009_09,이마트동인천점,인천광역시 제물포구 인중로 134,Y,차지비 이관,9,2026-06-15 12:26:58
IN032010_01,이마트검단점,인천광역시 검단구 서곶로 754,Y,차지비 이관,9,2026-06-15 12:26:58
IN032010_02,이마트검단점,인천광역시 검단구 서곶로 754,Y,차지비 이관,2,2026-06-15 12:26:58
IN032010_03,이마트검단점,인천광역시 검단구 서곶로 754,Y,차지비 이관,9,2026-06-15 12:26:58
IN032010_04,이마트검단점,인천광역시 검단구 서곶로 754,Y,차지비 이관,9,2026-06-15 12:26:58
IN032010_05,이마트검단점,인천광역시 검단구 서곶로 754,Y,차지비 이관,9,2026-06-15 12:26:58
IN032010_06,이마트검단점,인천광역시 검단구 서곶로 754,Y,차지비 이관,9,2026-06-15 12:26:58
IN032010_07,이마트검단점,인천광역시 검단구 서곶로 754,Y,차지비 이관,9,2026-06-15 12:26:58
IN032010_08,이마트검단점,인천광역시 검단구 서곶로 754,Y,차지비 이관,9,2026-06-15 12:26:58
IN032011_01,이마트연수점,인천광역시 연수구 경원대로 184,Y,차지비 이관,9,2026-06-15 12:26:58
IN032011_02,이마트연수점,인천광역시 연수구 경원대로 184,Y,차지비 이관,9,2026-06-15 12:26:58
IN032011_03,이마트연수점,인천광역시 연수구 경원대로 184,Y,차지비 이관,1,2026-06-15 12:26:58
IN032011_04,이마트연수점,인천광역시 연수구 경원대로 184,Y,차지비 이관,1,2026-06-15 12:26:58
IN032011_05,이마트연수점,인천광역시 연수구 경원대로 184,Y,차지비 이관,1,2026-06-15 12:26:58
IN032011_06,이마트연수점,인천광역시 연수구 경원대로 184,Y,차지비 이관,1,2026-06-15 12:26:58
IN032012_01,양지빌딩,인천광역시 연수구 먼우금로222번길 46,Y,차지비 이관,1,2026-06-15 12:26:58
IN032012_02,양지빌딩,인천광역시 연수구 먼우금로222번길 46,Y,차지비 이관,1,2026-06-15 12:26:58
IN032012_03,양지빌딩,인천광역시 연수구 먼우금로222번길 46,Y,차지비 이관,1,2026-06-15 12:26:58
IN032012_04,양지빌딩,인천광역시 연수구 먼우금로222번길 46,Y,차지비 이관,2,2026-06-15 12:26:58
IN032012_05,양지빌딩,인천광역시 연수구 먼우금로222번길 46,Y,차지비 이관,1,2026-06-15 12:26:58
IN032013_01,학마을한진아파트,인천광역시 계양구 용종로 124,Y,차지비 이관,9,2026-06-15 12:26:58
IN032013_02,학마을한진아파트,인천광역시 계양구 용종로 124,Y,차지비 이관,1,2026-06-15 12:26:58
IN032013_03,학마을한진아파트,인천광역시 계양구 용종로 124,Y,차지비 이관,1,2026-06-15 12:26:58
IN032013_04,학마을한진아파트,인천광역시 계양구 용종로 124,Y,차지비 이관,1,2026-06-15 12:26:58
IN032013_05,학마을한진아파트,인천광역시 계양구 용종로 124,Y,차지비 이관,1,2026-06-15 12:26:59
IN032013_06,학마을한진아파트,인천광역시 계양구 용종로 124,Y,차지비 이관,1,2026-06-15 12:26:59
IN032013_07,학마을한진아파트,인천광역시 계양구 용종로 124,Y,차지비 이관,1,2026-06-15 12:26:59
IN032013_08,학마을한진아파트,인천광역시 계양구 용종로 124,Y,차지비 이관,1,2026-06-15 12:26:59
IN032013_09,학마을한진아파트,인천광역시 계양구 용종로 124,Y,차지비 이관,1,2026-06-15 12:26:59
IN032013_10,학마을한진아파트,인천광역시 계양구 용종로 124,Y,차지비 이관,1,2026-06-15 12:26:59
IN032013_11,학마을한진아파트,인천광역시 계양구 용종로 124,Y,차지비 이관,1,2026-06-15 12:26:59
IN032013_12,학마을한진아파트,인천광역시 계양구 용종로 124,Y,차지비 이관,1,2026-06-15 12:26:59
IN032013_13,학마을한진아파트,인천광역시 계양구 용종로 124,Y,차지비 이관,1,2026-06-15 12:26:59
IN032013_14,학마을한진아파트,인천광역시 계양구 용종로 124,Y,차지비 이관,1,2026-06-15 12:26:59
IN032013_15,학마을한진아파트,인천광역시 계양구 용종로 124,Y,차지비 이관,1,2026-06-15 12:26:59
IN032013_16,학마을한진아파트,인천광역시 계양구 용종로 124,Y,차지비 이관,1,2026-06-15 12:26:59
IN032013_17,학마을한진아파트,인천광역시 계양구 용종로 124,Y,차지비 이관,1,2026-06-15 12:26:59
IN032013_18,학마을한진아파트,인천광역시 계양구 용종로 124,Y,차지비 이관,1,2026-06-15 12:26:59
IN032013_19,학마을한진아파트,인천광역시 계양구 용종로 124,Y,차지비 이관,1,2026-06-15 12:26:59
IN032013_20,학마을한진아파트,인천광역시 계양구 용종로 124,Y,차지비 이관,1,2026-06-15 12:26:59
IN032013_21,학마을한진아파트,인천광역시 계양구 용종로 124,Y,차지비 이관,1,2026-06-15 12:26:59
IN032013_22,학마을한진아파트,인천광역시 계양구 용종로 124,Y,차지비 이관,1,2026-06-15 12:26:59
IN032013_23,학마을한진아파트,인천광역시 계양구 용종로 124,Y,차지비 이관,1,2026-06-15 12:26:59
IN032013_24,학마을한진아파트,인천광역시 계양구 용종로 124,Y,차지비 이관,1,2026-06-15 12:27:00
IN032013_25,학마을한진아파트,인천광역시 계양구 용종로 124,Y,차지비 이관,9,2026-06-15 12:27:00
IN032014_01,남동SD타워,인천광역시 남동구 은봉로 55,Y,차지비 이관,1,2026-06-15 12:27:00
IN032014_02,남동SD타워,인천광역시 남동구 은봉로 55,Y,차지비 이관,1,2026-06-15 12:27:00
IN032014_03,남동SD타워,인천광역시 남동구 은봉로 55,Y,차지비 이관,1,2026-06-15 12:27:00
IN032015_01,인천관교한신휴플러스,인천광역시 미추홀구 경원대로 717,Y,차지비 이관,3,2026-06-15 12:27:00
IN032015_02,인천관교한신휴플러스,인천광역시 미추홀구 경원대로 717,Y,차지비 이관,1,2026-06-15 12:27:00
IN032015_03,인천관교한신휴플러스,인천광역시 미추홀구 경원대로 717,Y,차지비 이관,1,2026-06-15 12:27:00
IN032015_04,인천관교한신휴플러스,인천광역시 미추홀구 경원대로 717,Y,차지비 이관,1,2026-06-15 12:27:00
IN032015_05,인천관교한신휴플러스,인천광역시 미추홀구 경원대로 717,Y,차지비 이관,1,2026-06-15 12:27:00
IN032015_06,인천관교한신휴플러스,인천광역시 미추홀구 경원대로 717,Y,차지비 이관,1,2026-06-15 12:27:00
IN032015_07,인천관교한신휴플러스,인천광역시 미추홀구 경원대로 717,Y,차지비 이관,1,2026-06-15 12:27:00
IN032015_08,인천관교한신휴플러스,인천광역시 미추홀구 경원대로 717,Y,차지비 이관,1,2026-06-15 12:27:00
IN032015_09,인천관교한신휴플러스,인천광역시 미추홀구 경원대로 717,Y,차지비 이관,9,2026-06-15 12:27:00
IN032015_10,인천관교한신휴플러스,인천광역시 미추홀구 경원대로 717,Y,차지비 이관,1,2026-06-15 12:27:00
IN032015_11,인천관교한신휴플러스,인천광역시 미추홀구 경원대로 717,Y,차지비 이관,1,2026-06-15 12:27:00
IN032015_12,인천관교한신휴플러스,인천광역시 미추홀구 경원대로 717,Y,차지비 이관,1,2026-06-15 12:27:00
IN032015_13,인천관교한신휴플러스,인천광역시 미추홀구 경원대로 717,Y,차지비 이관,1,2026-06-15 12:27:00
IN032015_14,인천관교한신휴플러스,인천광역시 미추홀구 경원대로 717,Y,차지비 이관,1,2026-06-15 12:27:00
IN032015_15,인천관교한신휴플러스,인천광역시 미추홀구 경원대로 717,Y,차지비 이관,1,2026-06-15 12:27:00
IN032015_16,인천관교한신휴플러스,인천광역시 미추홀구 경원대로 717,Y,차지비 이관,1,2026-06-15 12:27:01
IN032015_17,인천관교한신휴플러스,인천광역시 미추홀구 경원대로 717,Y,차지비 이관,1,2026-06-15 12:27:01
IN032015_18,인천관교한신휴플러스,인천광역시 미추홀구 경원대로 717,Y,차지비 이관,9,2026-06-15 12:27:01
IN032015_19,인천관교한신휴플러스,인천광역시 미추홀구 경원대로 717,Y,차지비 이관,1,2026-06-15 12:27:01
IN032015_20,인천관교한신휴플러스,인천광역시 미추홀구 경원대로 717,Y,차지비 이관,1,2026-06-15 12:27:01
IN032015_21,인천관교한신휴플러스,인천광역시 미추홀구 경원대로 717,Y,차지비 이관,9,2026-06-15 12:27:01
IN032016_01,남동제2공구상가,인천광역시 남동구 논현고잔로109번길 106,Y,차지비 이관,1,2026-06-15 12:27:01
IN032016_02,남동제2공구상가,인천광역시 남동구 논현고잔로109번길 106,Y,차지비 이관,1,2026-06-15 12:27:01
IN032016_03,남동제2공구상가,인천광역시 남동구 논현고잔로109번길 106,Y,차지비 이관,1,2026-06-15 12:27:01
IN032016_04,남동제2공구상가,인천광역시 남동구 논현고잔로109번길 106,Y,차지비 이관,1,2026-06-15 12:27:01
IN032017_01,롯데캐슬골드아파트,인천광역시 남동구 호구포로 803,Y,차지비 이관,1,2026-06-15 12:27:01
IN032017_02,롯데캐슬골드아파트,인천광역시 남동구 호구포로 803,Y,차지비 이관,1,2026-06-15 12:27:01
IN032017_03,롯데캐슬골드아파트,인천광역시 남동구 호구포로 803,Y,차지비 이관,1,2026-06-15 12:27:01
IN032017_04,롯데캐슬골드아파트,인천광역시 남동구 호구포로 803,Y,차지비 이관,1,2026-06-15 12:27:01
IN032017_05,롯데캐슬골드아파트,인천광역시 남동구 호구포로 803,Y,차지비 이관,1,2026-06-15 12:27:01
IN032017_06,롯데캐슬골드아파트,인천광역시 남동구 호구포로 803,Y,차지비 이관,2,2026-06-15 12:27:01
IN032017_07,롯데캐슬골드아파트,인천광역시 남동구 호구포로 803,Y,차지비 이관,9,2026-06-15 12:27:01
IN032017_08,롯데캐슬골드아파트,인천광역시 남동구 호구포로 803,Y,차지비 이관,9,2026-06-15 12:27:01
IN032017_09,롯데캐슬골드아파트,인천광역시 남동구 호구포로 803,Y,차지비 이관,9,2026-06-15 12:27:01
IN032017_10,롯데캐슬골드아파트,인천광역시 남동구 호구포로 803,Y,차지비 이관,9,2026-06-15 12:27:01
IN032017_11,롯데캐슬골드아파트,인천광역시 남동구 호구포로 803,Y,차지비 이관,2,2026-06-15 12:27:01
IN032017_12,롯데캐슬골드아파트,인천광역시 남동구 호구포로 803,Y,차지비 이관,9,2026-06-15 12:27:02
IN032017_13,롯데캐슬골드아파트,인천광역시 남동구 호구포로 803,Y,차지비 이관,9,2026-06-15 12:27:02
IN032017_14,롯데캐슬골드아파트,인천광역시 남동구 호구포로 803,Y,차지비 이관,9,2026-06-15 12:27:02
IN032017_15,롯데캐슬골드아파트,인천광역시 남동구 호구포로 803,Y,차지비 이관,9,2026-06-15 12:27:02
IN032017_16,롯데캐슬골드아파트,인천광역시 남동구 호구포로 803,Y,차지비 이관,9,2026-06-15 12:27:02
IN032017_17,롯데캐슬골드아파트,인천광역시 남동구 호구포로 803,Y,차지비 이관,9,2026-06-15 12:27:02
IN032017_18,롯데캐슬골드아파트,인천광역시 남동구 호구포로 803,Y,차지비 이관,9,2026-06-15 12:27:02
IN032017_19,롯데캐슬골드아파트,인천광역시 남동구 호구포로 803,Y,차지비 이관,9,2026-06-15 12:27:02
IN032017_20,롯데캐슬골드아파트,인천광역시 남동구 호구포로 803,Y,차지비 이관,9,2026-06-15 12:27:02
IN032017_21,롯데캐슬골드아파트,인천광역시 남동구 호구포로 803,Y,차지비 이관,9,2026-06-15 12:27:02
IN032017_22,롯데캐슬골드아파트,인천광역시 남동구 호구포로 803,Y,차지비 이관,9,2026-06-15 12:27:02
IN032017_23,롯데캐슬골드아파트,인천광역시 남동구 호구포로 803,Y,차지비 이관,9,2026-06-15 12:27:02
IN032017_24,롯데캐슬골드아파트,인천광역시 남동구 호구포로 803,Y,차지비 이관,9,2026-06-15 12:27:02
IN032017_25,롯데캐슬골드아파트,인천광역시 남동구 호구포로 803,Y,차지비 이관,9,2026-06-15 12:27:02
IN032017_26,롯데캐슬골드아파트,인천광역시 남동구 호구포로 803,Y,차지비 이관,9,2026-06-15 12:27:02
IN032017_27,롯데캐슬골드아파트,인천광역시 남동구 호구포로 803,Y,차지비 이관,9,2026-06-15 12:27:02
IN032017_28,롯데캐슬골드아파트,인천광역시 남동구 호구포로 803,Y,차지비 이관,9,2026-06-15 12:27:02
IN032017_29,롯데캐슬골드아파트,인천광역시 남동구 호구포로 803,Y,차지비 이관,9,2026-06-15 12:27:02
IN032017_30,롯데캐슬골드아파트,인천광역시 남동구 호구포로 803,Y,차지비 이관,9,2026-06-15 12:27:02
IN032017_31,롯데캐슬골드아파트,인천광역시 남동구 호구포로 803,Y,차지비 이관,9,2026-06-15 12:27:02
IN032017_32,롯데캐슬골드아파트,인천광역시 남동구 호구포로 803,Y,차지비 이관,9,2026-06-15 12:27:02
IN032017_33,롯데캐슬골드아파트,인천광역시 남동구 호구포로 803,Y,차지비 이관,9,2026-06-15 12:27:02
IN032017_34,롯데캐슬골드아파트,인천광역시 남동구 호구포로 803,Y,차지비 이관,9,2026-06-15 12:27:03
IN032017_35,롯데캐슬골드아파트,인천광역시 남동구 호구포로 803,Y,차지비 이관,9,2026-06-15 12:27:03
IN032017_36,롯데캐슬골드아파트,인천광역시 남동구 호구포로 803,Y,차지비 이관,9,2026-06-15 12:27:03
IN032017_37,롯데캐슬골드아파트,인천광역시 남동구 호구포로 803,Y,차지비 이관,9,2026-06-15 12:27:03
IN032017_38,롯데캐슬골드아파트,인천광역시 남동구 호구포로 803,Y,차지비 이관,9,2026-06-15 12:27:03
IN032017_39,롯데캐슬골드아파트,인천광역시 남동구 호구포로 803,Y,차지비 이관,9,2026-06-15 12:27:03
IN032017_40,롯데캐슬골드아파트,인천광역시 남동구 호구포로 803,Y,차지비 이관,3,2026-06-15 12:27:03
IN032017_41,롯데캐슬골드아파트,인천광역시 남동구 호구포로 803,Y,차지비 이관,9,2026-06-15 12:27:03
IN032017_42,롯데캐슬골드아파트,인천광역시 남동구 호구포로 803,Y,차지비 이관,9,2026-06-15 12:27:03
IN032017_43,롯데캐슬골드아파트,인천광역시 남동구 호구포로 803,Y,차지비 이관,9,2026-06-15 12:27:03
IN032017_44,롯데캐슬골드아파트,인천광역시 남동구 호구포로 803,Y,차지비 이관,2,2026-06-15 12:27:03
IN032017_45,롯데캐슬골드아파트,인천광역시 남동구 호구포로 803,Y,차지비 이관,9,2026-06-15 12:27:04
IN032017_46,롯데캐슬골드아파트,인천광역시 남동구 호구포로 803,Y,차지비 이관,9,2026-06-15 12:27:04
IN032017_47,롯데캐슬골드아파트,인천광역시 남동구 호구포로 803,Y,차지비 이관,9,2026-06-15 12:27:04
IN032017_48,롯데캐슬골드아파트,인천광역시 남동구 호구포로 803,Y,차지비 이관,9,2026-06-15 12:27:04
IN032017_49,롯데캐슬골드아파트,인천광역시 남동구 호구포로 803,Y,차지비 이관,1,2026-06-15 12:27:04
IN032017_50,롯데캐슬골드아파트,인천광역시 남동구 호구포로 803,Y,차지비 이관,1,2026-06-15 12:27:04
IN032017_51,롯데캐슬골드아파트,인천광역시 남동구 호구포로 803,Y,차지비 이관,1,2026-06-15 12:27:04
IN032017_52,롯데캐슬골드아파트,인천광역시 남동구 호구포로 803,Y,차지비 이관,1,2026-06-15 12:27:04
IN032017_53,롯데캐슬골드아파트,인천광역시 남동구 호구포로 803,Y,차지비 이관,1,2026-06-15 12:27:04
IN032017_54,롯데캐슬골드아파트,인천광역시 남동구 호구포로 803,Y,차지비 이관,1,2026-06-15 12:27:04
IN032017_55,롯데캐슬골드아파트,인천광역시 남동구 호구포로 803,Y,차지비 이관,1,2026-06-15 12:27:04
IN032017_56,롯데캐슬골드아파트,인천광역시 남동구 호구포로 803,Y,차지비 이관,2,2026-06-15 12:27:04
IN032017_57,롯데캐슬골드아파트,인천광역시 남동구 호구포로 803,Y,차지비 이관,9,2026-06-15 12:27:04
IN032017_58,롯데캐슬골드아파트,인천광역시 남동구 호구포로 803,Y,차지비 이관,9,2026-06-15 12:27:04
IN032017_59,롯데캐슬골드아파트,인천광역시 남동구 호구포로 803,Y,차지비 이관,1,2026-06-15 12:27:04
IN032017_60,롯데캐슬골드아파트,인천광역시 남동구 호구포로 803,Y,차지비 이관,1,2026-06-15 12:27:04
IN032017_61,롯데캐슬골드아파트,인천광역시 남동구 호구포로 803,Y,차지비 이관,1,2026-06-15 12:27:04
IN032017_62,롯데캐슬골드아파트,인천광역시 남동구 호구포로 803,Y,차지비 이관,9,2026-06-15 12:27:04
IN032017_63,롯데캐슬골드아파트,인천광역시 남동구 호구포로 803,Y,차지비 이관,1,2026-06-15 12:27:04
IN032017_64,롯데캐슬골드아파트,인천광역시 남동구 호구포로 803,Y,차지비 이관,2,2026-06-15 12:27:05
IN032017_65,롯데캐슬골드아파트,인천광역시 남동구 호구포로 803,Y,차지비 이관,1,2026-06-15 12:27:05
IN032017_66,롯데캐슬골드아파트,인천광역시 남동구 호구포로 803,Y,차지비 이관,1,2026-06-15 12:27:05
IN032017_67,롯데캐슬골드아파트,인천광역시 남동구 호구포로 803,Y,차지비 이관,1,2026-06-15 12:27:05
IN032017_68,롯데캐슬골드아파트,인천광역시 남동구 호구포로 803,Y,차지비 이관,1,2026-06-15 12:27:05
IN032017_69,롯데캐슬골드아파트,인천광역시 남동구 호구포로 803,Y,차지비 이관,1,2026-06-15 12:27:05
IN032017_70,롯데캐슬골드아파트,인천광역시 남동구 호구포로 803,Y,차지비 이관,1,2026-06-15 12:27:05
IN032017_71,롯데캐슬골드아파트,인천광역시 남동구 호구포로 803,Y,차지비 이관,1,2026-06-15 12:27:05
IN032017_72,롯데캐슬골드아파트,인천광역시 남동구 호구포로 803,Y,차지비 이관,1,2026-06-15 12:27:05
IN032017_73,롯데캐슬골드아파트,인천광역시 남동구 호구포로 803,Y,차지비 이관,1,2026-06-15 12:27:05
IN032017_74,롯데캐슬골드아파트,인천광역시 남동구 호구포로 803,Y,차지비 이관,9,2026-06-15 12:27:05
IN032017_75,롯데캐슬골드아파트,인천광역시 남동구 호구포로 803,Y,차지비 이관,1,2026-06-15 12:27:05
IN032017_76,롯데캐슬골드아파트,인천광역시 남동구 호구포로 803,Y,차지비 이관,1,2026-06-15 12:27:05
IN032017_77,롯데캐슬골드아파트,인천광역시 남동구 호구포로 803,Y,차지비 이관,1,2026-06-15 12:27:05
IN032017_78,롯데캐슬골드아파트,인천광역시 남동구 호구포로 803,Y,차지비 이관,9,2026-06-15 12:27:05
IN032017_79,롯데캐슬골드아파트,인천광역시 남동구 호구포로 803,Y,차지비 이관,3,2026-06-15 12:27:05
IN032017_80,롯데캐슬골드아파트,인천광역시 남동구 호구포로 803,Y,차지비 이관,1,2026-06-15 12:27:06
IN032017_81,롯데캐슬골드아파트,인천광역시 남동구 호구포로 803,Y,차지비 이관,1,2026-06-15 12:27:06
IN032018_01,신성쇼핑타워,인천광역시 미추홀구 주안중로 25,Y,차지비 이관,9,2026-06-15 12:27:06
IN032018_02,신성쇼핑타워,인천광역시 미추홀구 주안중로 25,Y,차지비 이관,2,2026-06-23 19:21:17
IN032018_03,신성쇼핑타워,인천광역시 미추홀구 주안중로 25,Y,차지비 이관,9,2026-06-15 12:27:06
IN032018_04,신성쇼핑타워,인천광역시 미추홀구 주안중로 25,Y,차지비 이관,9,2026-06-15 12:27:06
IN032018_05,신성쇼핑타워,인천광역시 미추홀구 주안중로 25,Y,차지비 이관,9,2026-06-15 12:27:06
IN032018_06,신성쇼핑타워,인천광역시 미추홀구 주안중로 25,Y,차지비 이관,9,2026-06-15 12:27:06
IN032019_01,이마트T송림점,인천광역시 제물포구 봉수대로 82,Y,차지비 이관,1,2026-06-15 12:27:06
IN032019_02,이마트T송림점,인천광역시 제물포구 봉수대로 82,Y,차지비 이관,1,2026-06-15 12:27:06
IN032019_03,이마트T송림점,인천광역시 제물포구 봉수대로 82,Y,차지비 이관,1,2026-06-15 12:27:06
IN032019_04,이마트T송림점,인천광역시 제물포구 봉수대로 82,Y,차지비 이관,1,2026-06-15 12:27:06
IN032019_05,이마트T송림점,인천광역시 제물포구 봉수대로 82,Y,차지비 이관,1,2026-06-15 12:27:06
IN032019_06,이마트T송림점,인천광역시 제물포구 봉수대로 82,Y,차지비 이관,1,2026-06-15 12:27:06
IN032019_07,이마트T송림점,인천광역시 제물포구 봉수대로 82,Y,차지비 이관,9,2026-06-15 12:27:06
IN032019_08,이마트T송림점,인천광역시 제물포구 봉수대로 82,Y,차지비 이관,9,2026-06-15 12:27:06
IN032019_09,이마트T송림점,인천광역시 제물포구 봉수대로 82,Y,차지비 이관,1,2026-06-15 12:27:06
IN032020_01,강화여객자동차터미널,인천광역시 강화군 강화읍 중앙로 43,Y,차지비 이관,1,2026-06-15 12:27:06
IN032020_02,강화여객자동차터미널,인천광역시 강화군 강화읍 중앙로 43,Y,차지비 이관,1,2026-06-15 12:27:06
IN032020_03,강화여객자동차터미널,인천광역시 강화군 강화읍 중앙로 43,Y,차지비 이관,1,2026-06-15 12:27:06
IN032020_04,강화여객자동차터미널,인천광역시 강화군 강화읍 중앙로 43,Y,차지비 이관,1,2026-06-15 12:27:06
IN032021_01,청라한양수자인아파트,인천광역시 서해구 비즈니스로 41,Y,차지비 이관,9,2026-06-15 12:27:06
IN032021_02,청라한양수자인아파트,인천광역시 서해구 비즈니스로 41,Y,차지비 이관,9,2026-06-15 12:27:07
IN032021_03,청라한양수자인아파트,인천광역시 서해구 비즈니스로 41,Y,차지비 이관,9,2026-06-15 12:27:07
IN032021_04,청라한양수자인아파트,인천광역시 서해구 비즈니스로 41,Y,차지비 이관,9,2026-06-15 12:27:07
IN032021_05,청라한양수자인아파트,인천광역시 서해구 비즈니스로 41,Y,차지비 이관,1,2026-06-15 12:27:07
IN032021_06,청라한양수자인아파트,인천광역시 서해구 비즈니스로 41,Y,차지비 이관,1,2026-06-15 12:27:07
IN032021_07,청라한양수자인아파트,인천광역시 서해구 비즈니스로 41,Y,차지비 이관,9,2026-06-15 12:27:07
IN032021_08,청라한양수자인아파트,인천광역시 서해구 비즈니스로 41,Y,차지비 이관,1,2026-06-15 12:27:07
IN032021_09,청라한양수자인아파트,인천광역시 서해구 비즈니스로 41,Y,차지비 이관,9,2026-06-15 12:27:07
IN032021_10,청라한양수자인아파트,인천광역시 서해구 비즈니스로 41,Y,차지비 이관,1,2026-06-15 12:27:07
IN032021_11,청라한양수자인아파트,인천광역시 서해구 비즈니스로 41,Y,차지비 이관,3,2026-06-15 12:27:07
IN032021_12,청라한양수자인아파트,인천광역시 서해구 비즈니스로 41,Y,차지비 이관,1,2026-06-15 12:27:07
IN032022_01,대안파크타운A동,인천광역시 부평구 부평북로 69,Y,차지비 이관,1,2026-06-15 12:27:07
IN032022_02,대안파크타운A동,인천광역시 부평구 부평북로 69,Y,차지비 이관,1,2026-06-15 12:27:07
IN032024_01,대안파크타운C동,인천광역시 부평구 부평북로 57,Y,차지비 이관,1,2026-06-15 12:27:07
IN032024_02,대안파크타운C동,인천광역시 부평구 부평북로 57,Y,차지비 이관,1,2026-06-15 12:27:07
IN032024_03,대안파크타운C동,인천광역시 부평구 부평북로 57,Y,차지비 이관,1,2026-06-15 12:27:07
IN032024_04,대안파크타운C동,인천광역시 부평구 부평북로 57,Y,차지비 이관,1,2026-06-15 12:27:07
IN032024_05,대안파크타운C동,인천광역시 부평구 부평북로 57,Y,차지비 이관,1,2026-06-15 12:27:07
IN032025_01,와이지원부평공장,인천광역시 부평구 부평북로178번길 26,Y,차지비 이관,1,2026-06-15 12:27:07
IN032025_02,와이지원부평공장,인천광역시 부평구 부평북로178번길 26,Y,차지비 이관,1,2026-06-15 12:27:07
IN032026_01,와이지원서운공장,인천광역시 계양구 서운산단로1길 11,Y,차지비 이관,1,2026-06-15 12:27:07
IN032026_02,와이지원서운공장,인천광역시 계양구 서운산단로1길 11,Y,차지비 이관,2,2026-06-15 12:27:07
IN032026_03,와이지원서운공장,인천광역시 계양구 서운산단로1길 11,Y,차지비 이관,1,2026-06-15 12:27:08
IN032026_04,와이지원서운공장,인천광역시 계양구 서운산단로1길 11,Y,차지비 이관,1,2026-06-15 12:27:08
IN032027_01,와이지원인천공장,인천광역시 부평구 세월천로 211,Y,차지비 이관,1,2026-06-15 12:27:08
IN032028_01,와이지원청천동공장,인천광역시 부평구 부평북로 32,Y,차지비 이관,1,2026-06-15 12:27:08
IN032029_01,와이지원항공화물창고,인천광역시 영종구 공항동로296번길 69,Y,차지비 이관,1,2026-06-15 12:27:08
IN032030_01,남동스마트NIC복합물류센터,인천광역시 남동구 논현고잔로 87,Y,차지비 이관,1,2026-06-15 12:27:08
IN032030_02,남동스마트NIC복합물류센터,인천광역시 남동구 논현고잔로 87,Y,차지비 이관,1,2026-06-15 12:27:08
IN032030_03,남동스마트NIC복합물류센터,인천광역시 남동구 논현고잔로 87,Y,차지비 이관,1,2026-06-15 12:27:08
IN032030_04,남동스마트NIC복합물류센터,인천광역시 남동구 논현고잔로 87,Y,차지비 이관,1,2026-06-15 12:27:08
IN032031_01,LH청아안아파트,인천광역시 남동구 서창남순환로 110,Y,차지비 이관,1,2026-06-15 12:27:08
IN032031_02,LH청아안아파트,인천광역시 남동구 서창남순환로 110,Y,차지비 이관,1,2026-06-15 12:27:08
IN032031_03,LH청아안아파트,인천광역시 남동구 서창남순환로 110,Y,차지비 이관,5,2026-06-15 12:27:08
IN032031_04,LH청아안아파트,인천광역시 남동구 서창남순환로 110,Y,차지비 이관,1,2026-06-15 12:27:08
IN032031_05,LH청아안아파트,인천광역시 남동구 서창남순환로 110,Y,차지비 이관,1,2026-06-15 12:27:08
IN032031_06,LH청아안아파트,인천광역시 남동구 서창남순환로 110,Y,차지비 이관,5,2026-06-15 12:27:08
IN032031_07,LH청아안아파트,인천광역시 남동구 서창남순환로 110,Y,차지비 이관,1,2026-06-15 12:27:08
IN032031_08,LH청아안아파트,인천광역시 남동구 서창남순환로 110,Y,차지비 이관,5,2026-06-15 12:27:08
IN032031_09,LH청아안아파트,인천광역시 남동구 서창남순환로 110,Y,차지비 이관,1,2026-06-15 12:27:08
IN032031_10,LH청아안아파트,인천광역시 남동구 서창남순환로 110,Y,차지비 이관,1,2026-06-15 12:27:08
IN032031_11,LH청아안아파트,인천광역시 남동구 서창남순환로 110,Y,차지비 이관,1,2026-06-15 12:27:08
IN032031_12,LH청아안아파트,인천광역시 남동구 서창남순환로 110,Y,차지비 이관,1,2026-06-15 12:27:08
IN032031_13,LH청아안아파트,인천광역시 남동구 서창남순환로 110,Y,차지비 이관,9,2026-06-15 12:27:08
IN032031_14,LH청아안아파트,인천광역시 남동구 서창남순환로 110,Y,차지비 이관,5,2026-06-15 12:27:08
IN032031_15,LH청아안아파트,인천광역시 남동구 서창남순환로 110,Y,차지비 이관,5,2026-06-15 12:27:09
IN032031_16,LH청아안아파트,인천광역시 남동구 서창남순환로 110,Y,차지비 이관,9,2026-06-15 12:27:09
IN032033_01,청라웰카운티1차아파트,인천광역시 서해구 청라에메랄드로 156,Y,차지비 이관,1,2026-06-15 12:27:09
IN032033_02,청라웰카운티1차아파트,인천광역시 서해구 청라에메랄드로 156,Y,차지비 이관,1,2026-06-15 12:27:09
IN032033_03,청라웰카운티1차아파트,인천광역시 서해구 청라에메랄드로 156,Y,차지비 이관,1,2026-06-15 12:27:09
IN032033_04,청라웰카운티1차아파트,인천광역시 서해구 청라에메랄드로 156,Y,차지비 이관,1,2026-06-15 12:27:09
IN032033_05,청라웰카운티1차아파트,인천광역시 서해구 청라에메랄드로 156,Y,차지비 이관,1,2026-06-15 12:27:09
IN032033_06,청라웰카운티1차아파트,인천광역시 서해구 청라에메랄드로 156,Y,차지비 이관,9,2026-06-15 12:27:09
IN032033_07,청라웰카운티1차아파트,인천광역시 서해구 청라에메랄드로 156,Y,차지비 이관,9,2026-06-15 12:27:09
IN032033_08,청라웰카운티1차아파트,인천광역시 서해구 청라에메랄드로 156,Y,차지비 이관,9,2026-06-15 12:27:09
IN032033_09,청라웰카운티1차아파트,인천광역시 서해구 청라에메랄드로 156,Y,차지비 이관,9,2026-06-15 12:27:09
IN032033_10,청라웰카운티1차아파트,인천광역시 서해구 청라에메랄드로 156,Y,차지비 이관,9,2026-06-15 12:27:09
IN032033_11,청라웰카운티1차아파트,인천광역시 서해구 청라에메랄드로 156,Y,차지비 이관,9,2026-06-15 12:27:09
IN032033_12,청라웰카운티1차아파트,인천광역시 서해구 청라에메랄드로 156,Y,차지비 이관,9,2026-06-15 12:27:09
IN032033_13,청라웰카운티1차아파트,인천광역시 서해구 청라에메랄드로 156,Y,차지비 이관,9,2026-06-15 12:27:09
IN032033_14,청라웰카운티1차아파트,인천광역시 서해구 청라에메랄드로 156,Y,차지비 이관,9,2026-06-15 12:27:09
IN032033_15,청라웰카운티1차아파트,인천광역시 서해구 청라에메랄드로 156,Y,차지비 이관,9,2026-06-15 12:27:09
IN032033_16,청라웰카운티1차아파트,인천광역시 서해구 청라에메랄드로 156,Y,차지비 이관,9,2026-06-15 12:27:09
IN032033_17,청라웰카운티1차아파트,인천광역시 서해구 청라에메랄드로 156,Y,차지비 이관,9,2026-06-15 12:27:09
IN032033_18,청라웰카운티1차아파트,인천광역시 서해구 청라에메랄드로 156,Y,차지비 이관,9,2026-06-15 12:27:09
IN032033_19,청라웰카운티1차아파트,인천광역시 서해구 청라에메랄드로 156,Y,차지비 이관,9,2026-06-15 12:27:09
IN032033_20,청라웰카운티1차아파트,인천광역시 서해구 청라에메랄드로 156,Y,차지비 이관,9,2026-06-15 12:27:09
IN032033_21,청라웰카운티1차아파트,인천광역시 서해구 청라에메랄드로 156,Y,차지비 이관,9,2026-06-15 12:27:09
IN032033_22,청라웰카운티1차아파트,인천광역시 서해구 청라에메랄드로 156,Y,차지비 이관,1,2026-06-15 12:27:09
IN032033_23,청라웰카운티1차아파트,인천광역시 서해구 청라에메랄드로 156,Y,차지비 이관,9,2026-06-15 12:27:09
IN032037_01,갈산대성유니드,인천광역시 부평구 새갈로 57,Y,차지비 이관,1,2026-06-15 12:27:09
IN032037_02,갈산대성유니드,인천광역시 부평구 새갈로 57,Y,차지비 이관,9,2026-06-15 12:27:09
IN032037_03,갈산대성유니드,인천광역시 부평구 새갈로 57,Y,차지비 이관,1,2026-06-15 12:27:09
IN032037_04,갈산대성유니드,인천광역시 부평구 새갈로 57,Y,차지비 이관,1,2026-06-15 12:27:09
IN032037_05,갈산대성유니드,인천광역시 부평구 새갈로 57,Y,차지비 이관,9,2026-06-15 12:27:09
IN032038_01,갈산대동1차,인천광역시 부평구 주부토로 193,Y,차지비 이관,1,2026-06-15 12:27:09
IN032038_02,갈산대동1차,인천광역시 부평구 주부토로 193,Y,차지비 이관,1,2026-06-15 12:27:09
IN032038_03,갈산대동1차,인천광역시 부평구 주부토로 193,Y,차지비 이관,1,2026-06-15 12:27:09
IN032038_04,갈산대동1차,인천광역시 부평구 주부토로 193,Y,차지비 이관,1,2026-06-15 12:27:09
IN032038_05,갈산대동1차,인천광역시 부평구 주부토로 193,Y,차지비 이관,1,2026-06-15 12:27:09
IN032038_06,갈산대동1차,인천광역시 부평구 주부토로 193,Y,차지비 이관,1,2026-06-15 12:27:09
IN032038_07,갈산대동1차,인천광역시 부평구 주부토로 193,Y,차지비 이관,1,2026-06-15 12:27:09
IN032038_08,갈산대동1차,인천광역시 부평구 주부토로 193,Y,차지비 이관,1,2026-06-15 12:27:09
IN032038_09,갈산대동1차,인천광역시 부평구 주부토로 193,Y,차지비 이관,1,2026-06-15 12:27:09
IN032038_10,갈산대동1차,인천광역시 부평구 주부토로 193,Y,차지비 이관,1,2026-06-15 12:27:09
IN032039_01,산곡1동현대아파트,인천광역시 부평구 원적로269번길 15,Y,차지비 이관,9,2026-06-15 12:27:09
IN032039_02,산곡1동현대아파트,인천광역시 부평구 원적로269번길 15,Y,차지비 이관,9,2026-06-15 12:27:09
IN032039_03,산곡1동현대아파트,인천광역시 부평구 원적로269번길 15,Y,차지비 이관,9,2026-06-15 12:27:09
IN032040_01,광명8차아파트,인천광역시 미추홀구 인주대로418번길 19,Y,차지비 이관,9,2026-06-15 12:27:09
IN032040_02,광명8차아파트,인천광역시 미추홀구 인주대로418번길 19,Y,차지비 이관,9,2026-06-15 12:27:09
IN032040_03,광명8차아파트,인천광역시 미추홀구 인주대로418번길 19,Y,차지비 이관,9,2026-06-15 12:27:09
IN032040_04,광명8차아파트,인천광역시 미추홀구 인주대로418번길 19,Y,차지비 이관,2,2026-06-15 12:27:09
IN032040_05,광명8차아파트,인천광역시 미추홀구 인주대로418번길 19,Y,차지비 이관,9,2026-06-15 12:27:09
IN032041_01,효성6차뉴서울,인천광역시 계양구 아나지로198번길 8,Y,차지비 이관,1,2026-06-15 12:27:10
IN032041_02,효성6차뉴서울,인천광역시 계양구 아나지로198번길 8,Y,차지비 이관,9,2026-06-15 12:27:10
IN032041_03,효성6차뉴서울,인천광역시 계양구 아나지로198번길 8,Y,차지비 이관,1,2026-06-15 12:27:10
IN032041_04,효성6차뉴서울,인천광역시 계양구 아나지로198번길 8,Y,차지비 이관,2,2026-06-15 12:27:10
IN032041_05,효성6차뉴서울,인천광역시 계양구 아나지로198번길 8,Y,차지비 이관,1,2026-06-15 12:27:10
IN032041_06,효성6차뉴서울,인천광역시 계양구 아나지로198번길 8,Y,차지비 이관,1,2026-06-15 12:27:10
IN032041_07,효성6차뉴서울,인천광역시 계양구 아나지로198번길 8,Y,차지비 이관,1,2026-06-15 12:27:10
IN032041_08,효성6차뉴서울,인천광역시 계양구 아나지로198번길 8,Y,차지비 이관,2,2026-06-15 12:27:10
IN032041_09,효성6차뉴서울,인천광역시 계양구 아나지로198번길 8,Y,차지비 이관,1,2026-06-15 12:27:10
IN032041_10,효성6차뉴서울,인천광역시 계양구 아나지로198번길 8,Y,차지비 이관,1,2026-06-15 12:27:10
IN032042_01,관교풍림아이원,인천광역시 미추홀구 문화로 45,Y,차지비 이관,9,2026-06-15 12:27:10
IN032042_02,관교풍림아이원,인천광역시 미추홀구 문화로 45,Y,차지비 이관,3,2026-06-15 12:27:10
IN032042_03,관교풍림아이원,인천광역시 미추홀구 문화로 45,Y,차지비 이관,9,2026-06-15 12:27:10
IN032042_04,관교풍림아이원,인천광역시 미추홀구 문화로 45,Y,차지비 이관,1,2026-06-15 12:27:10
IN032042_05,관교풍림아이원,인천광역시 미추홀구 문화로 45,Y,차지비 이관,9,2026-06-15 12:27:10
IN032042_06,관교풍림아이원,인천광역시 미추홀구 문화로 45,Y,차지비 이관,9,2026-06-15 12:27:10
IN032042_07,관교풍림아이원,인천광역시 미추홀구 문화로 45,Y,차지비 이관,9,2026-06-15 12:27:10
IN032042_08,관교풍림아이원,인천광역시 미추홀구 문화로 45,Y,차지비 이관,9,2026-06-15 12:27:10
IN032043_01,연희중앙아파트,인천광역시 서해구 승학로 334,Y,차지비 이관,9,2026-06-15 12:27:10
IN032043_02,연희중앙아파트,인천광역시 서해구 승학로 334,Y,차지비 이관,1,2026-06-15 12:27:10
IN032043_03,연희중앙아파트,인천광역시 서해구 승학로 334,Y,차지비 이관,9,2026-06-15 12:27:10
IN032044_01,검암2차신명스카이뷰,인천광역시 서해구 검암로10번길 54,Y,차지비 이관,9,2026-06-15 12:27:10
IN032044_02,검암2차신명스카이뷰,인천광역시 서해구 검암로10번길 54,Y,차지비 이관,9,2026-06-15 12:27:10
IN032044_03,검암2차신명스카이뷰,인천광역시 서해구 검암로10번길 54,Y,차지비 이관,9,2026-06-15 12:27:10
IN032044_04,검암2차신명스카이뷰,인천광역시 서해구 검암로10번길 54,Y,차지비 이관,9,2026-06-15 12:27:10
IN032044_05,검암2차신명스카이뷰,인천광역시 서해구 검암로10번길 54,Y,차지비 이관,1,2026-06-15 12:27:10
IN032044_06,검암2차신명스카이뷰,인천광역시 서해구 검암로10번길 54,Y,차지비 이관,9,2026-06-15 12:27:10
IN032044_07,검암2차신명스카이뷰,인천광역시 서해구 검암로10번길 54,Y,차지비 이관,9,2026-06-15 12:27:10
IN032045_01,송도GTX센트럴빌딩,인천광역시 연수구 하모니로178번길 22,Y,차지비 이관,1,2026-06-15 12:27:10
IN032045_02,송도GTX센트럴빌딩,인천광역시 연수구 하모니로178번길 22,Y,차지비 이관,1,2026-06-15 12:27:10
IN032045_03,송도GTX센트럴빌딩,인천광역시 연수구 하모니로178번길 22,Y,차지비 이관,1,2026-06-15 12:27:10
IN032045_04,송도GTX센트럴빌딩,인천광역시 연수구 하모니로178번길 22,Y,차지비 이관,1,2026-06-15 12:27:10
IN032045_05,송도GTX센트럴빌딩,인천광역시 연수구 하모니로178번길 22,Y,차지비 이관,1,2026-06-15 12:27:10
IN032045_06,송도GTX센트럴빌딩,인천광역시 연수구 하모니로178번길 22,Y,차지비 이관,1,2026-06-15 12:27:10
IN032045_07,송도GTX센트럴빌딩,인천광역시 연수구 하모니로178번길 22,Y,차지비 이관,9,2026-06-15 12:27:10
IN032045_08,송도GTX센트럴빌딩,인천광역시 연수구 하모니로178번길 22,Y,차지비 이관,9,2026-06-15 12:27:10
IN032045_09,송도GTX센트럴빌딩,인천광역시 연수구 하모니로178번길 22,Y,차지비 이관,9,2026-06-15 12:27:10
IN032045_10,송도GTX센트럴빌딩,인천광역시 연수구 하모니로178번길 22,Y,차지비 이관,9,2026-06-15 12:27:10
IN032045_11,송도GTX센트럴빌딩,인천광역시 연수구 하모니로178번길 22,Y,차지비 이관,9,2026-06-15 12:27:10
IN032045_12,송도GTX센트럴빌딩,인천광역시 연수구 하모니로178번길 22,Y,차지비 이관,9,2026-06-15 12:27:10
IN032045_13,송도GTX센트럴빌딩,인천광역시 연수구 하모니로178번길 22,Y,차지비 이관,9,2026-06-15 12:27:10
IN032045_14,송도GTX센트럴빌딩,인천광역시 연수구 하모니로178번길 22,Y,차지비 이관,9,2026-06-15 12:27:10
IN032046_01,갈산태화아파트,인천광역시 부평구 갈월서로 46,Y,차지비 이관,9,2026-06-15 12:27:10
IN032046_02,갈산태화아파트,인천광역시 부평구 갈월서로 46,Y,차지비 이관,9,2026-06-15 12:27:10
IN032046_03,갈산태화아파트,인천광역시 부평구 갈월서로 46,Y,차지비 이관,1,2026-06-15 12:27:11
IN032046_04,갈산태화아파트,인천광역시 부평구 갈월서로 46,Y,차지비 이관,9,2026-06-15 12:27:11
IN032046_05,갈산태화아파트,인천광역시 부평구 갈월서로 46,Y,차지비 이관,9,2026-06-15 12:27:11
IN032046_06,갈산태화아파트,인천광역시 부평구 갈월서로 46,Y,차지비 이관,9,2026-06-15 12:27:11
IN032046_07,갈산태화아파트,인천광역시 부평구 갈월서로 46,Y,차지비 이관,9,2026-06-15 12:27:11
IN032046_08,갈산태화아파트,인천광역시 부평구 갈월서로 46,Y,차지비 이관,9,2026-06-15 12:27:11
IN032046_09,갈산태화아파트,인천광역시 부평구 갈월서로 46,Y,차지비 이관,9,2026-06-15 12:27:11
IN032047_01,광명12차아파트,인천광역시 부평구 후정동로 63,Y,차지비 이관,1,2026-06-15 12:27:11
IN032047_02,광명12차아파트,인천광역시 부평구 후정동로 63,Y,차지비 이관,1,2026-06-15 12:27:11
IN032047_03,광명12차아파트,인천광역시 부평구 후정동로 63,Y,차지비 이관,1,2026-06-15 12:27:11
IN032047_04,광명12차아파트,인천광역시 부평구 후정동로 63,Y,차지비 이관,1,2026-06-15 12:27:11
IN032048_01,인천항동물류센터,인천광역시 제물포구 축항대로165번길 20,Y,차지비 이관,9,2026-06-15 12:27:11
IN032048_02,인천항동물류센터,인천광역시 제물포구 축항대로165번길 20,Y,차지비 이관,2,2026-07-11 08:41:16
IN032048_03,인천항동물류센터,인천광역시 제물포구 축항대로165번길 20,Y,차지비 이관,2,2026-07-14 17:01:24
IN032048_04,인천항동물류센터,인천광역시 제물포구 축항대로165번길 20,Y,차지비 이관,9,2026-07-16 09:41:15
IN032048_05,인천항동물류센터,인천광역시 제물포구 축항대로165번길 20,Y,차지비 이관,3,2026-07-16 09:21:16
