statNm,statId,chgerId,chgerType,addr,addrDetail,location,lat,lng,useTime,busiId,bnm,busiNm,busiCall,stat,statUpdDt,lastTsdt,lastTedt,nowTsdt,powerType,output,method,zcode,zscode,kind,kindDetail,parkingFree,note,limitYn,limitDetail,delYn,delDetail,trafficYn,year,floorNum,floorType,maker,charger_uid,coordinate_missing,coordinate_outlier,district_by_code,district_from_address,district_address_normalized,district_mismatch,is_deleted,is_limited,is_active_record,usable_for_spatial_analysis,district_before_correction,lat_before_correction,lng_before_correction,district_corrected,coordinate_corrected,correction_reason,district_final,coordinate_missing_final,coordinate_outlier_final,usable_for_district_analysis,usable_for_spatial_analysis_final,publicly_accessible
청라더샵레이크파크,KP001435,1,6,인천광역시 서구 경서동 크리스탈로74번길 26,지하1층,,37.5308607222,126.6381458064,,KP,한국전력공사,한국전기차충전서비스,,3,2026-07-16 01:00:14,2026-07-14 11:10:38,2026-07-14 11:47:10,2026-07-16 00:56:38,,,,28,28260,H0,H001,Y,,Y,입주자외 출입제한 (긴급상황 이용가능),N,,N,2018,,,모던텍,KP001435_01,False,False,서구_과거코드,서구,서구_과거코드,False,False,True,True,True,서구_과거코드,37.5308607222,126.6381458064,False,False,,서구_과거코드,False,False,True,True,False
청라더샵레이크파크,KP001435,2,2,인천광역시 서구 경서동 크리스탈로74번길 26,지하1층,,37.5308607222,126.6381458064,,KP,한국전력공사,한국전기차충전서비스,,2,2026-07-16 01:50:19,2026-07-15 23:45:22,2026-07-16 01:39:50,,,,,28,28260,H0,H001,Y,,Y,입주자외 출입제한 (긴급상황 이용가능),N,,N,2018,,,씨어스,KP001435_02,False,False,서구_과거코드,서구,서구_과거코드,False,False,True,True,True,서구_과거코드,37.5308607222,126.6381458064,False,False,,서구_과거코드,False,False,True,True,False
청라더샵레이크파크,KP001435,3,2,인천광역시 서구 경서동 크리스탈로74번길 26,지하1층,,37.5308607222,126.6381458064,,KP,한국전력공사,한국전기차충전서비스,,9,2026-03-24 15:33:46,2026-02-05 10:05:53,2026-02-05 11:20:01,,,,,28,28260,H0,H001,Y,,Y,입주자외 출입제한 (긴급상황 이용가능),N,,N,2018,,,씨어스,KP001435_03,False,False,서구_과거코드,서구,서구_과거코드,False,False,True,True,True,서구_과거코드,37.5308607222,126.6381458064,False,False,,서구_과거코드,False,False,True,True,False
청라더샵레이크파크,KP001435,4,2,인천광역시 서구 경서동 크리스탈로74번길 26,지하1층,,37.5308607222,126.6381458064,,KP,한국전력공사,한국전기차충전서비스,,2,2026-07-16 08:50:22,2026-07-16 07:08:22,2026-07-16 08:46:20,,,,,28,28260,H0,H001,Y,,Y,입주자외 출입제한 (긴급상황 이용가능),N,,N,2018,,,씨어스,KP001435_04,False,False,서구_과거코드,서구,서구_과거코드,False,False,True,True,True,서구_과거코드,37.5308607222,126.6381458064,False,False,,서구_과거코드,False,False,True,True,False
영종한양수자인아파트,KP002644,1,6,인천광역시 중구 중산동 1878-1,,,37.491276,126.553052,,KP,한국전력공사,한국전기차충전서비스,1899-2100,5,2026-07-15 04:40:03,2024-08-18 09:46:09,2024-08-18 11:01:22,,,,,28,28110,H0,H001,Y,,Y,입주자외 출입제한 (긴급상황 이용가능),N,,N,2018,1,B,채비,KP002644_01,False,False,중구_과거코드,중구,중구_과거코드,False,False,True,True,True,중구_과거코드,37.491276,126.553052,False,False,,중구_과거코드,False,False,True,True,False
영종한양수자인아파트,KP002644,2,2,인천광역시 중구 중산동 1878-1,,,37.491276,126.553052,,KP,한국전력공사,한국전기차충전서비스,1899-2100,2,2026-07-16 04:50:17,2026-07-16 00:00:28,2026-07-16 04:42:38,,,,,28,28110,H0,H001,Y,,Y,입주자외 출입제한 (긴급상황 이용가능),N,,N,2018,1,B,도암엔지니어링,KP002644_02,False,False,중구_과거코드,중구,중구_과거코드,False,False,True,True,True,중구_과거코드,37.491276,126.553052,False,False,,중구_과거코드,False,False,True,True,False
영종한양수자인아파트,KP002644,3,2,인천광역시 중구 중산동 1878-1,,,37.491276,126.553052,,KP,한국전력공사,한국전기차충전서비스,1899-2100,2,2026-07-16 03:10:20,2026-07-15 19:48:51,2026-07-16 03:00:10,,,,,28,28110,H0,H001,Y,,Y,입주자외 출입제한 (긴급상황 이용가능),N,,N,2018,1,B,도암엔지니어링,KP002644_03,False,False,중구_과거코드,중구,중구_과거코드,False,False,True,True,True,중구_과거코드,37.491276,126.553052,False,False,,중구_과거코드,False,False,True,True,False
영종한양수자인아파트,KP002644,4,2,인천광역시 중구 중산동 1878-1,,,37.491276,126.553052,,KP,한국전력공사,한국전기차충전서비스,1899-2100,2,2026-07-15 21:20:19,2026-07-15 18:08:50,2026-07-15 21:09:41,,,,,28,28110,H0,H001,Y,,Y,입주자외 출입제한 (긴급상황 이용가능),N,,N,2018,1,B,도암엔지니어링,KP002644_04,False,False,중구_과거코드,중구,중구_과거코드,False,False,True,True,True,중구_과거코드,37.491276,126.553052,False,False,,중구_과거코드,False,False,True,True,False
영종한양수자인아파트,KP002644,5,2,인천광역시 중구 중산동 1878-1,,,37.491276,126.553052,,KP,한국전력공사,한국전기차충전서비스,1899-2100,3,2026-07-16 01:10:06,2026-07-13 19:22:29,2026-07-14 05:34:54,2026-07-16 00:56:40,,,,28,28110,H0,H001,Y,,Y,입주자외 출입제한 (긴급상황 이용가능),N,,N,2018,1,B,도암엔지니어링,KP002644_05,False,False,중구_과거코드,중구,중구_과거코드,False,False,True,True,True,중구_과거코드,37.491276,126.553052,False,False,,중구_과거코드,False,False,True,True,False
영종동보노빌리티아파트,KP002733,1,6,인천광역시 중구 중산동 1872-2,,,37.484992,126.559226,,KP,한국전력공사,한국전기차충전서비스,1899-2100,2,2026-07-16 01:30:18,2026-07-16 01:00:35,2026-07-16 01:27:08,,,,,28,28110,H0,H001,Y,,Y,입주자외 출입제한 (긴급상황 이용가능),N,,N,2018,1,B,채비,KP002733_01,False,False,중구_과거코드,중구,중구_과거코드,False,False,True,True,True,중구_과거코드,37.484992,126.559226,False,False,,중구_과거코드,False,False,True,True,False
영종동보노빌리티아파트,KP002733,2,2,인천광역시 중구 중산동 1872-2,,,37.484992,126.559226,,KP,한국전력공사,한국전기차충전서비스,1899-2100,2,2026-07-15 20:30:18,2026-07-15 18:14:21,2026-07-15 20:23:43,,,,,28,28110,H0,H001,Y,,Y,입주자외 출입제한 (긴급상황 이용가능),N,,N,2018,1,B,도암엔지니어링,KP002733_02,False,False,중구_과거코드,중구,중구_과거코드,False,False,True,True,True,중구_과거코드,37.484992,126.559226,False,False,,중구_과거코드,False,False,True,True,False
영종동보노빌리티아파트,KP002733,3,2,인천광역시 중구 중산동 1872-2,,,37.484992,126.559226,,KP,한국전력공사,한국전기차충전서비스,1899-2100,2,2026-07-16 03:30:19,2026-07-15 17:53:16,2026-07-16 03:25:58,,,,,28,28110,H0,H001,Y,,Y,입주자외 출입제한 (긴급상황 이용가능),N,,N,2018,1,B,도암엔지니어링,KP002733_03,False,False,중구_과거코드,중구,중구_과거코드,False,False,True,True,True,중구_과거코드,37.484992,126.559226,False,False,,중구_과거코드,False,False,True,True,False
영종동보노빌리티아파트,KP002733,4,2,인천광역시 중구 중산동 1872-2,,,37.484992,126.559226,,KP,한국전력공사,한국전기차충전서비스,1899-2100,2,2026-07-16 04:10:15,2026-07-15 22:49:02,2026-07-16 04:02:31,,,,,28,28110,H0,H001,Y,,Y,입주자외 출입제한 (긴급상황 이용가능),N,,N,2018,1,B,도암엔지니어링,KP002733_04,False,False,중구_과거코드,중구,중구_과거코드,False,False,True,True,True,중구_과거코드,37.484992,126.559226,False,False,,중구_과거코드,False,False,True,True,False
가정뉴서울아파트,KP002890,1,6,인천광역시 서구 가정동 284-401,,,37.524818,126.682366,,KP,한국전력공사,한국전기차충전서비스,1899-2100,2,2026-07-15 04:40:09,2026-07-12 12:59:07,2026-07-12 13:41:04,,,,,28,28260,H0,H001,Y,,Y,입주자외 출입제한 (긴급상황 이용가능),N,,N,2017,1,B,채비,KP002890_01,False,False,서구_과거코드,서구,서구_과거코드,False,False,True,True,True,서구_과거코드,37.524818,126.682366,False,False,,서구_과거코드,False,False,True,True,False
검암2차풍림아파트,KP002989,1,6,인천광역시 서구 검암동 501-1,,,37.5686278784,126.6811886718,,KP,한국전력공사,한국전기차충전서비스,1899-2100,9,2026-03-24 15:33:46,2025-01-23 13:55:29,2025-01-23 15:46:26,,,,,28,28260,H0,H001,Y,,Y,입주자외 출입제한 (긴급상황 이용가능),N,,N,2018,1,B,채비,KP002989_01,False,False,서구_과거코드,서구,서구_과거코드,False,False,True,True,True,서구_과거코드,37.5686278784,126.6811886718,False,False,,서구_과거코드,False,False,True,True,False
검암2차풍림아파트,KP002989,2,2,인천광역시 서구 검암동 501-1,,,37.5686278784,126.6811886718,,KP,한국전력공사,한국전기차충전서비스,1899-2100,9,2026-03-24 15:33:46,2025-01-23 20:43:26,2025-01-24 05:53:17,,,,,28,28260,H0,H001,Y,,Y,입주자외 출입제한 (긴급상황 이용가능),N,,N,2018,1,B,대경엔지니어링,KP002989_02,False,False,서구_과거코드,서구,서구_과거코드,False,False,True,True,True,서구_과거코드,37.5686278784,126.6811886718,False,False,,서구_과거코드,False,False,True,True,False
신흥대림아파트,KP003662,1,2,인천광역시 중구 신흥동1가 34-2,,,37.4666716586,126.6304607474,,KP,한국전력공사,한국전기차충전서비스,1899-2100,9,2026-03-24 15:33:46,2025-12-14 20:27:27,2025-12-15 00:58:29,,,,,28,28110,H0,H001,Y,,Y,입주자외 출입제한 (긴급상황 이용가능),N,,N,2020,1,B,남부산전,KP003662_01,False,False,중구_과거코드,중구,중구_과거코드,False,False,True,True,True,중구_과거코드,37.4666716586,126.6304607474,False,False,,중구_과거코드,False,False,True,True,False
신흥대림아파트,KP003662,2,2,인천광역시 중구 신흥동1가 34-2,,,37.4666716586,126.6304607474,,KP,한국전력공사,한국전기차충전서비스,1899-2100,9,2026-03-24 15:33:46,2025-12-13 17:08:46,2025-12-13 22:42:31,,,,,28,28110,H0,H001,Y,,Y,입주자외 출입제한 (긴급상황 이용가능),N,,N,2020,1,B,남부산전,KP003662_02,False,False,중구_과거코드,중구,중구_과거코드,False,False,True,True,True,중구_과거코드,37.4666716586,126.6304607474,False,False,,중구_과거코드,False,False,True,True,False
신흥대림아파트,KP003662,3,2,인천광역시 중구 신흥동1가 34-2,,,37.4666716586,126.6304607474,,KP,한국전력공사,한국전기차충전서비스,1899-2100,9,2026-03-24 15:33:46,2025-12-10 18:25:13,2025-12-10 21:49:12,,,,,28,28110,H0,H001,Y,,Y,입주자외 출입제한 (긴급상황 이용가능),N,,N,2020,1,B,남부산전,KP003662_03,False,False,중구_과거코드,중구,중구_과거코드,False,False,True,True,True,중구_과거코드,37.4666716586,126.6304607474,False,False,,중구_과거코드,False,False,True,True,False
신흥대림아파트,KP003662,4,2,인천광역시 중구 신흥동1가 34-2,,,37.4666716586,126.6304607474,,KP,한국전력공사,한국전기차충전서비스,1899-2100,9,2026-03-24 15:33:46,2025-12-10 07:43:26,2025-12-10 09:48:59,,,,,28,28110,H0,H001,Y,,Y,입주자외 출입제한 (긴급상황 이용가능),N,,N,2020,1,B,남부산전,KP003662_04,False,False,중구_과거코드,중구,중구_과거코드,False,False,True,True,True,중구_과거코드,37.4666716586,126.6304607474,False,False,,중구_과거코드,False,False,True,True,False
신흥대림아파트,KP003662,5,2,인천광역시 중구 신흥동1가 34-2,,,37.4666716586,126.6304607474,,KP,한국전력공사,한국전기차충전서비스,1899-2100,9,2026-03-24 15:33:46,2025-12-14 23:17:15,2025-12-15 01:08:47,,,,,28,28110,H0,H001,Y,,Y,입주자외 출입제한 (긴급상황 이용가능),N,,N,2020,1,B,남부산전,KP003662_05,False,False,중구_과거코드,중구,중구_과거코드,False,False,True,True,True,중구_과거코드,37.4666716586,126.6304607474,False,False,,중구_과거코드,False,False,True,True,False
검단자이2단지 아파트,KP003939,1,2,인천광역시 서구 왕길동 696-1,,,37.59545127148,126.6411191818,,KP,한국전력공사,한국전기차충전서비스,1899-2100,2,2026-07-16 03:30:13,2026-07-15 18:35:06,2026-07-16 00:46:13,,,,,28,28260,H0,H001,Y,,Y,입주자외 출입제한 (긴급상황 이용가능),N,,N,2020,1,B,채비,KP003939_01,False,False,서구_과거코드,서구,서구_과거코드,False,False,True,True,True,서구_과거코드,37.59545127148,126.6411191818,False,False,,서구_과거코드,False,False,True,True,False
검단자이2단지 아파트,KP003939,2,2,인천광역시 서구 왕길동 696-1,,,37.59545127148,126.6411191818,,KP,한국전력공사,한국전기차충전서비스,1899-2100,5,2026-07-15 04:40:17,2026-06-29 01:16:13,2026-06-29 01:43:30,,,,,28,28260,H0,H001,Y,,Y,입주자외 출입제한 (긴급상황 이용가능),N,,N,2020,1,B,채비,KP003939_02,False,False,서구_과거코드,서구,서구_과거코드,False,False,True,True,True,서구_과거코드,37.59545127148,126.6411191818,False,False,,서구_과거코드,False,False,True,True,False
검단자이2단지 아파트,KP003939,3,2,인천광역시 서구 왕길동 696-1,,,37.59545127148,126.6411191818,,KP,한국전력공사,한국전기차충전서비스,1899-2100,5,2026-07-15 04:40:17,2026-07-08 02:54:19,2026-07-08 03:10:34,,,,,28,28260,H0,H001,Y,,Y,입주자외 출입제한 (긴급상황 이용가능),N,,N,2020,1,B,채비,KP003939_03,False,False,서구_과거코드,서구,서구_과거코드,False,False,True,True,True,서구_과거코드,37.59545127148,126.6411191818,False,False,,서구_과거코드,False,False,True,True,False
검단자이2단지 아파트,KP003939,4,2,인천광역시 서구 왕길동 696-1,,,37.59545127148,126.6411191818,,KP,한국전력공사,한국전기차충전서비스,1899-2100,2,2026-07-16 05:40:13,2026-07-15 18:08:23,2026-07-16 05:00:01,,,,,28,28260,H0,H001,Y,,Y,입주자외 출입제한 (긴급상황 이용가능),N,,N,2020,1,B,채비,KP003939_04,False,False,서구_과거코드,서구,서구_과거코드,False,False,True,True,True,서구_과거코드,37.59545127148,126.6411191818,False,False,,서구_과거코드,False,False,True,True,False
검단자이2단지 아파트,KP003939,5,2,인천광역시 서구 왕길동 696-1,,,37.59545127148,126.6411191818,,KP,한국전력공사,한국전기차충전서비스,1899-2100,5,2026-07-15 04:40:03,2026-05-25 17:48:28,2026-05-25 18:22:02,,,,,28,28260,H0,H001,Y,,Y,입주자외 출입제한 (긴급상황 이용가능),N,,N,2020,1,B,채비,KP003939_05,False,False,서구_과거코드,서구,서구_과거코드,False,False,True,True,True,서구_과거코드,37.59545127148,126.6411191818,False,False,,서구_과거코드,False,False,True,True,False
E-편한세상 영종하늘도시,KP004133,1,2,인천광역시 중구 운남동 1680-2,,,37.47781812209,126.5138034006,,KP,한국전력공사,한국전기차충전서비스,1899-2100,3,2026-07-16 09:10:16,2026-07-15 14:43:35,2026-07-16 04:48:10,2026-07-16 09:07:46,,,,28,28110,H0,H001,Y,,Y,입주자외 출입제한 (긴급상황 이용가능),N,,N,2020,1,F,피에스텍,KP004133_01,False,False,중구_과거코드,중구,중구_과거코드,False,False,True,True,True,중구_과거코드,37.47781812209,126.5138034006,False,False,,중구_과거코드,False,False,True,True,False
E-편한세상 영종하늘도시,KP004133,2,2,인천광역시 중구 운남동 1680-2,,,37.47781812209,126.5138034006,,KP,한국전력공사,한국전기차충전서비스,1899-2100,3,2026-07-15 17:30:06,2026-07-14 15:24:04,2026-07-15 05:28:45,2026-07-15 17:20:39,,,,28,28110,H0,H001,Y,,Y,입주자외 출입제한 (긴급상황 이용가능),N,,N,2020,1,F,피에스텍,KP004133_02,False,False,중구_과거코드,중구,중구_과거코드,False,False,True,True,True,중구_과거코드,37.47781812209,126.5138034006,False,False,,중구_과거코드,False,False,True,True,False
E-편한세상 영종하늘도시,KP004133,3,2,인천광역시 중구 운남동 1680-2,,,37.47781812209,126.5138034006,,KP,한국전력공사,한국전기차충전서비스,1899-2100,3,2026-07-15 21:50:20,2026-07-15 18:11:46,2026-07-15 18:12:26,2026-07-15 21:49:09,,,,28,28110,H0,H001,Y,,Y,입주자외 출입제한 (긴급상황 이용가능),N,,N,2020,1,F,피에스텍,KP004133_03,False,False,중구_과거코드,중구,중구_과거코드,False,False,True,True,True,중구_과거코드,37.47781812209,126.5138034006,False,False,,중구_과거코드,False,False,True,True,False
E-편한세상 영종하늘도시,KP004133,4,2,인천광역시 중구 운남동 1680-2,,,37.47781812209,126.5138034006,,KP,한국전력공사,한국전기차충전서비스,1899-2100,2,2026-07-16 06:20:17,2026-07-15 18:14:33,2026-07-15 18:20:36,,,,,28,28110,H0,H001,Y,,Y,입주자외 출입제한 (긴급상황 이용가능),N,,N,2020,1,F,피에스텍,KP004133_04,False,False,중구_과거코드,중구,중구_과거코드,False,False,True,True,True,중구_과거코드,37.47781812209,126.5138034006,False,False,,중구_과거코드,False,False,True,True,False
E-편한세상 영종하늘도시,KP004133,5,2,인천광역시 중구 운남동 1680-2,,,37.47781812209,126.5138034006,,KP,한국전력공사,한국전기차충전서비스,1899-2100,2,2026-07-16 08:50:19,2026-07-15 22:25:47,2026-07-16 08:42:27,,,,,28,28110,H0,H001,Y,,Y,입주자외 출입제한 (긴급상황 이용가능),N,,N,2020,1,F,피에스텍,KP004133_05,False,False,중구_과거코드,중구,중구_과거코드,False,False,True,True,True,중구_과거코드,37.47781812209,126.5138034006,False,False,,중구_과거코드,False,False,True,True,False
